-- MySQL dump 10.16  Distrib 10.2.20-MariaDB, for Linux (x86_64)
--
-- Host: localhost    Database: laudera_db
-- ------------------------------------------------------
-- Server version	10.1.31-MariaDB

/*!40101 SET @OLD_CHARACTER_SET_CLIENT=@@CHARACTER_SET_CLIENT */;
/*!40101 SET @OLD_CHARACTER_SET_RESULTS=@@CHARACTER_SET_RESULTS */;
/*!40101 SET @OLD_COLLATION_CONNECTION=@@COLLATION_CONNECTION */;
/*!40101 SET NAMES utf8 */;
/*!40103 SET @OLD_TIME_ZONE=@@TIME_ZONE */;
/*!40103 SET TIME_ZONE='+00:00' */;
/*!40014 SET @OLD_UNIQUE_CHECKS=@@UNIQUE_CHECKS, UNIQUE_CHECKS=0 */;
/*!40014 SET @OLD_FOREIGN_KEY_CHECKS=@@FOREIGN_KEY_CHECKS, FOREIGN_KEY_CHECKS=0 */;
/*!40101 SET @OLD_SQL_MODE=@@SQL_MODE, SQL_MODE='NO_AUTO_VALUE_ON_ZERO' */;
/*!40111 SET @OLD_SQL_NOTES=@@SQL_NOTES, SQL_NOTES=0 */;
SET net_read_timeout=600;

--
-- Table structure for table `auth_group`
--

DROP TABLE IF EXISTS `auth_group`;
/*!40101 SET @saved_cs_client     = @@character_set_client */;
/*!40101 SET character_set_client = utf8 */;
CREATE TABLE `auth_group` (
  `id` int(11) NOT NULL AUTO_INCREMENT,
  `name` varchar(80) NOT NULL,
  PRIMARY KEY (`id`),
  UNIQUE KEY `name` (`name`)
) ENGINE=InnoDB AUTO_INCREMENT=3 DEFAULT CHARSET=utf8;
/*!40101 SET character_set_client = @saved_cs_client */;

--
-- Dumping data for table `auth_group`
--

LOCK TABLES `auth_group` WRITE;
/*!40000 ALTER TABLE `auth_group` DISABLE KEYS */;
INSERT INTO `auth_group` VALUES (1,'Auteurs/experts'),(2,'Contributeurs');
/*!40000 ALTER TABLE `auth_group` ENABLE KEYS */;
UNLOCK TABLES;

--
-- Table structure for table `auth_group_permissions`
--

DROP TABLE IF EXISTS `auth_group_permissions`;
/*!40101 SET @saved_cs_client     = @@character_set_client */;
/*!40101 SET character_set_client = utf8 */;
CREATE TABLE `auth_group_permissions` (
  `id` int(11) NOT NULL AUTO_INCREMENT,
  `group_id` int(11) NOT NULL,
  `permission_id` int(11) NOT NULL,
  PRIMARY KEY (`id`),
  UNIQUE KEY `group_id` (`group_id`,`permission_id`),
  KEY `auth_group_permissions_bda51c3c` (`group_id`),
  KEY `auth_group_permissions_1e014c8f` (`permission_id`),
  CONSTRAINT `group_id_refs_id_3cea63fe` FOREIGN KEY (`group_id`) REFERENCES `auth_group` (`id`),
  CONSTRAINT `permission_id_refs_id_a7792de1` FOREIGN KEY (`permission_id`) REFERENCES `auth_permission` (`id`)
) ENGINE=InnoDB AUTO_INCREMENT=18 DEFAULT CHARSET=utf8;
/*!40101 SET character_set_client = @saved_cs_client */;

--
-- Dumping data for table `auth_group_permissions`
--

LOCK TABLES `auth_group_permissions` WRITE;
/*!40000 ALTER TABLE `auth_group_permissions` DISABLE KEYS */;
INSERT INTO `auth_group_permissions` VALUES (3,1,28),(5,1,29),(2,1,31),(1,1,34),(4,1,37),(14,2,28),(15,2,29),(16,2,30),(17,2,31),(6,2,32),(7,2,33),(8,2,34),(9,2,35),(10,2,36),(11,2,37),(12,2,38),(13,2,39);
/*!40000 ALTER TABLE `auth_group_permissions` ENABLE KEYS */;
UNLOCK TABLES;

--
-- Table structure for table `auth_permission`
--

DROP TABLE IF EXISTS `auth_permission`;
/*!40101 SET @saved_cs_client     = @@character_set_client */;
/*!40101 SET character_set_client = utf8 */;
CREATE TABLE `auth_permission` (
  `id` int(11) NOT NULL AUTO_INCREMENT,
  `name` varchar(50) NOT NULL,
  `content_type_id` int(11) NOT NULL,
  `codename` varchar(100) NOT NULL,
  PRIMARY KEY (`id`),
  UNIQUE KEY `content_type_id` (`content_type_id`,`codename`),
  KEY `auth_permission_e4470c6e` (`content_type_id`),
  CONSTRAINT `content_type_id_refs_id_728de91f` FOREIGN KEY (`content_type_id`) REFERENCES `django_content_type` (`id`)
) ENGINE=InnoDB AUTO_INCREMENT=40 DEFAULT CHARSET=utf8;
/*!40101 SET character_set_client = @saved_cs_client */;

--
-- Dumping data for table `auth_permission`
--

LOCK TABLES `auth_permission` WRITE;
/*!40000 ALTER TABLE `auth_permission` DISABLE KEYS */;
INSERT INTO `auth_permission` VALUES (1,'Can add permission',1,'add_permission'),(2,'Can change permission',1,'change_permission'),(3,'Can delete permission',1,'delete_permission'),(4,'Can add group',2,'add_group'),(5,'Can change group',2,'change_group'),(6,'Can delete group',2,'delete_group'),(7,'Can add user',3,'add_user'),(8,'Can change user',3,'change_user'),(9,'Can delete user',3,'delete_user'),(10,'Can add content type',4,'add_contenttype'),(11,'Can change content type',4,'change_contenttype'),(12,'Can delete content type',4,'delete_contenttype'),(13,'Can add session',5,'add_session'),(14,'Can change session',5,'change_session'),(15,'Can delete session',5,'delete_session'),(16,'Can add site',6,'add_site'),(17,'Can change site',6,'change_site'),(18,'Can delete site',6,'delete_site'),(19,'Can add log entry',7,'add_logentry'),(20,'Can change log entry',7,'change_logentry'),(21,'Can delete log entry',7,'delete_logentry'),(22,'Can add rubrique',8,'add_rubrique'),(23,'Can change rubrique',8,'change_rubrique'),(24,'Can delete rubrique',8,'delete_rubrique'),(25,'Can add sous rubrique',9,'add_sousrubrique'),(26,'Can change sous rubrique',9,'change_sousrubrique'),(27,'Can delete sous rubrique',9,'delete_sousrubrique'),(28,'Can add element',10,'add_element'),(29,'Can change element',10,'change_element'),(30,'Can delete element',10,'delete_element'),(31,'Can add lien',11,'add_lien'),(32,'Can change lien',11,'change_lien'),(33,'Can delete lien',11,'delete_lien'),(34,'Can add blog',12,'add_blog'),(35,'Can change blog',12,'change_blog'),(36,'Can delete blog',12,'delete_blog'),(37,'Can add video',13,'add_video'),(38,'Can change video',13,'change_video'),(39,'Can delete video',13,'delete_video');
/*!40000 ALTER TABLE `auth_permission` ENABLE KEYS */;
UNLOCK TABLES;

--
-- Table structure for table `auth_user`
--

DROP TABLE IF EXISTS `auth_user`;
/*!40101 SET @saved_cs_client     = @@character_set_client */;
/*!40101 SET character_set_client = utf8 */;
CREATE TABLE `auth_user` (
  `id` int(11) NOT NULL AUTO_INCREMENT,
  `username` varchar(30) NOT NULL,
  `first_name` varchar(30) NOT NULL,
  `last_name` varchar(30) NOT NULL,
  `email` varchar(75) NOT NULL,
  `password` varchar(128) NOT NULL,
  `is_staff` tinyint(1) NOT NULL,
  `is_active` tinyint(1) NOT NULL,
  `is_superuser` tinyint(1) NOT NULL,
  `last_login` datetime NOT NULL,
  `date_joined` datetime NOT NULL,
  PRIMARY KEY (`id`),
  UNIQUE KEY `username` (`username`)
) ENGINE=InnoDB AUTO_INCREMENT=2 DEFAULT CHARSET=utf8;
/*!40101 SET character_set_client = @saved_cs_client */;

--
-- Dumping data for table `auth_user`
--

LOCK TABLES `auth_user` WRITE;
/*!40000 ALTER TABLE `auth_user` DISABLE KEYS */;
INSERT INTO `auth_user` VALUES (1,'laudera','','','laudera@laudera.com','pbkdf2_sha256$10000$TZDHeb079dlx$AK5pqT+OwVBlhOe54LyQ6Udgg9eu1P+R6Ov2lfzbSyk=',1,1,1,'2017-05-03 06:03:25','2012-12-04 22:06:10');
/*!40000 ALTER TABLE `auth_user` ENABLE KEYS */;
UNLOCK TABLES;

--
-- Table structure for table `auth_user_groups`
--

DROP TABLE IF EXISTS `auth_user_groups`;
/*!40101 SET @saved_cs_client     = @@character_set_client */;
/*!40101 SET character_set_client = utf8 */;
CREATE TABLE `auth_user_groups` (
  `id` int(11) NOT NULL AUTO_INCREMENT,
  `user_id` int(11) NOT NULL,
  `group_id` int(11) NOT NULL,
  PRIMARY KEY (`id`),
  UNIQUE KEY `user_id` (`user_id`,`group_id`),
  KEY `auth_user_groups_fbfc09f1` (`user_id`),
  KEY `auth_user_groups_bda51c3c` (`group_id`),
  CONSTRAINT `group_id_refs_id_f0ee9890` FOREIGN KEY (`group_id`) REFERENCES `auth_group` (`id`),
  CONSTRAINT `user_id_refs_id_831107f1` FOREIGN KEY (`user_id`) REFERENCES `auth_user` (`id`)
) ENGINE=InnoDB DEFAULT CHARSET=utf8;
/*!40101 SET character_set_client = @saved_cs_client */;

--
-- Dumping data for table `auth_user_groups`
--

LOCK TABLES `auth_user_groups` WRITE;
/*!40000 ALTER TABLE `auth_user_groups` DISABLE KEYS */;
/*!40000 ALTER TABLE `auth_user_groups` ENABLE KEYS */;
UNLOCK TABLES;

--
-- Table structure for table `auth_user_user_permissions`
--

DROP TABLE IF EXISTS `auth_user_user_permissions`;
/*!40101 SET @saved_cs_client     = @@character_set_client */;
/*!40101 SET character_set_client = utf8 */;
CREATE TABLE `auth_user_user_permissions` (
  `id` int(11) NOT NULL AUTO_INCREMENT,
  `user_id` int(11) NOT NULL,
  `permission_id` int(11) NOT NULL,
  PRIMARY KEY (`id`),
  UNIQUE KEY `user_id` (`user_id`,`permission_id`),
  KEY `auth_user_user_permissions_fbfc09f1` (`user_id`),
  KEY `auth_user_user_permissions_1e014c8f` (`permission_id`),
  CONSTRAINT `permission_id_refs_id_67e79cb` FOREIGN KEY (`permission_id`) REFERENCES `auth_permission` (`id`),
  CONSTRAINT `user_id_refs_id_f2045483` FOREIGN KEY (`user_id`) REFERENCES `auth_user` (`id`)
) ENGINE=InnoDB DEFAULT CHARSET=utf8;
/*!40101 SET character_set_client = @saved_cs_client */;

--
-- Dumping data for table `auth_user_user_permissions`
--

LOCK TABLES `auth_user_user_permissions` WRITE;
/*!40000 ALTER TABLE `auth_user_user_permissions` DISABLE KEYS */;
/*!40000 ALTER TABLE `auth_user_user_permissions` ENABLE KEYS */;
UNLOCK TABLES;

--
-- Table structure for table `django_admin_log`
--

DROP TABLE IF EXISTS `django_admin_log`;
/*!40101 SET @saved_cs_client     = @@character_set_client */;
/*!40101 SET character_set_client = utf8 */;
CREATE TABLE `django_admin_log` (
  `id` int(11) NOT NULL AUTO_INCREMENT,
  `action_time` datetime NOT NULL,
  `user_id` int(11) NOT NULL,
  `content_type_id` int(11) DEFAULT NULL,
  `object_id` longtext,
  `object_repr` varchar(200) NOT NULL,
  `action_flag` smallint(5) unsigned NOT NULL,
  `change_message` longtext NOT NULL,
  PRIMARY KEY (`id`),
  KEY `django_admin_log_fbfc09f1` (`user_id`),
  KEY `django_admin_log_e4470c6e` (`content_type_id`),
  CONSTRAINT `content_type_id_refs_id_288599e6` FOREIGN KEY (`content_type_id`) REFERENCES `django_content_type` (`id`),
  CONSTRAINT `user_id_refs_id_c8665aa` FOREIGN KEY (`user_id`) REFERENCES `auth_user` (`id`)
) ENGINE=InnoDB AUTO_INCREMENT=239 DEFAULT CHARSET=utf8;
/*!40101 SET character_set_client = @saved_cs_client */;

--
-- Dumping data for table `django_admin_log`
--

LOCK TABLES `django_admin_log` WRITE;
/*!40000 ALTER TABLE `django_admin_log` DISABLE KEYS */;
INSERT INTO `django_admin_log` VALUES (1,'2012-12-04 22:06:45',1,8,'1','Web',1,''),(2,'2012-12-04 22:06:51',1,8,'1','Web',2,'Aucun champ modifié.'),(3,'2012-12-04 22:07:02',1,8,'2','Musique',1,''),(4,'2012-12-04 22:07:19',1,8,'3','Cinéma',1,''),(5,'2012-12-04 22:07:27',1,8,'4','Livre',1,''),(6,'2012-12-04 22:07:39',1,8,'5','Art',1,''),(7,'2012-12-04 22:07:56',1,8,'6','Théâtre',1,''),(8,'2012-12-04 22:08:07',1,8,'7','Danse',1,''),(9,'2012-12-04 22:08:18',1,8,'8','Photographie',1,''),(10,'2012-12-04 22:08:28',1,8,'9','Audiovisuel',1,''),(11,'2012-12-04 22:08:41',1,8,'10','Multimédia',1,''),(12,'2012-12-04 22:10:02',1,9,'1','Musique > Chansons',1,''),(13,'2012-12-04 22:10:15',1,9,'2','Musique > Variété française',1,''),(14,'2012-12-04 22:10:27',1,9,'3','Musique > Variété internationale',1,''),(15,'2012-12-04 22:10:33',1,9,'4','Musique > Pop',1,''),(16,'2012-12-04 22:10:49',1,9,'5','Musique > Rock',1,''),(17,'2012-12-04 22:11:23',1,9,'6','Musique > Hard Rock',1,''),(18,'2012-12-04 22:11:33',1,9,'7','Musique > Métal',1,''),(19,'2012-12-04 22:11:39',1,9,'8','Multimédia > Techno',1,''),(20,'2012-12-04 22:11:45',1,9,'9','Musique > Electro',1,''),(21,'2012-12-04 22:11:52',1,9,'10','Musique > Dance',1,''),(22,'2012-12-04 22:12:08',1,9,'11','Musique > Rap',1,''),(23,'2012-12-04 22:12:15',1,9,'12','Musique > Hip Hop',1,''),(24,'2012-12-04 22:12:24',1,9,'13','Musique > R\'n\'B',1,''),(25,'2012-12-04 22:12:32',1,9,'14','Musique > Groove',1,''),(26,'2012-12-04 22:12:38',1,9,'15','Musique > Jazz',1,''),(27,'2012-12-04 22:13:07',1,9,'16','Musique > Blues',1,''),(28,'2012-12-04 22:13:23',1,9,'17','Musique > Country',1,''),(29,'2012-12-04 22:13:31',1,9,'18','Musique > Musique du monde',1,''),(30,'2012-12-04 22:13:41',1,9,'19','Musique > World Music',1,''),(31,'2012-12-04 22:13:50',1,9,'20','Musique > Musique Classique',1,''),(32,'2012-12-04 22:14:12',1,9,'8','Musique > Techno',2,'Modifié rubrique.'),(33,'2012-12-04 22:14:42',1,10,'1','David Guetta [Musique > Electro]',1,''),(34,'2012-12-04 22:14:56',1,10,'2','David Halliday [Musique > Variété française]',1,''),(35,'2012-12-04 22:15:11',1,10,'3','Swedish House Mafia [Musique > Electro]',1,''),(36,'2012-12-05 11:34:53',1,10,'1','David Guetta [Musique > Electro]',2,'lien « http://www.davidguetta.com/ » ajouté.'),(37,'2012-12-05 18:12:16',1,10,'1','David Guetta [Musique > Electro]',2,'titre et description modifié pour lien « http://www.davidguetta.com/ ».'),(38,'2012-12-08 17:28:08',1,2,'1','Auteurs/experts',1,''),(39,'2012-12-08 17:33:23',1,3,'2','Bernard.Loupias',1,''),(40,'2012-12-08 17:36:29',1,3,'2','Bernard.Loupias',2,'Modifié password, is_staff et groups.'),(41,'2012-12-09 14:53:53',1,9,'1','Musique > Chanson',1,''),(42,'2012-12-09 14:54:48',1,9,'2','Musique > Variété française',1,''),(43,'2012-12-09 14:55:07',1,9,'3','Musique > Variété internationale',1,''),(44,'2012-12-09 14:55:28',1,9,'4','Musique > Pop',1,''),(45,'2012-12-09 14:55:42',1,9,'5','Musique > Rock',1,''),(46,'2012-12-09 14:58:36',1,9,'6','Musique > Hard Rock',1,''),(47,'2012-12-09 14:58:53',1,9,'7','Musique > Métal',1,''),(48,'2012-12-09 14:59:02',1,9,'8','Musique > Techno',1,''),(49,'2012-12-09 15:01:02',1,9,'9','Musique > Electro',1,''),(50,'2012-12-09 15:02:14',1,9,'10','Musique > Dance',1,''),(51,'2012-12-09 15:02:49',1,9,'11','Musique > Rap',1,''),(52,'2012-12-09 15:03:08',1,9,'12','Musique > Hip Hop',1,''),(53,'2012-12-09 15:03:32',1,9,'13','Musique > R\'n\'B',1,''),(54,'2012-12-09 15:04:14',1,9,'14','Musique > Groove',1,''),(55,'2012-12-09 15:04:52',1,9,'15','Musique > Jazz',1,''),(56,'2012-12-09 15:05:32',1,9,'16','Musique > Blues',1,''),(57,'2012-12-09 15:05:50',1,9,'17','Musique > Country',1,''),(58,'2012-12-09 15:06:21',1,9,'18','Musique > Musique du Monde',1,''),(59,'2012-12-09 15:06:41',1,9,'19','Musique > World Music',1,''),(60,'2012-12-09 15:07:07',1,9,'20','Musique > Musique Classique',1,''),(61,'2012-12-09 15:08:17',1,8,'7','Danse',3,''),(62,'2012-12-09 15:08:17',1,8,'8','Photographie',3,''),(63,'2012-12-09 15:08:31',1,8,'6','Théâtre',2,'Modifié position et priorite.'),(64,'2012-12-09 15:08:52',1,8,'9','Audiovisuel',2,'Modifié priorite.'),(65,'2012-12-09 15:09:30',1,8,'10','Multimédia',2,'Modifié priorite.'),(66,'2012-12-09 15:09:57',1,10,'1','David Guetta [Musique > Electro]',1,''),(67,'2012-12-09 15:10:16',1,10,'2','David Halliday [Musique > Variété française]',1,''),(68,'2012-12-09 15:10:29',1,10,'3','Céline Dion [Musique > Variété française]',1,''),(69,'2012-12-09 15:11:04',1,10,'4','Black Eyed Peas [Musique > Electro]',1,''),(70,'2012-12-09 15:11:17',1,10,'5','Mika [Musique > Pop]',1,''),(71,'2012-12-10 10:29:37',1,10,'6','Renée Fleming [Musique > Musique Classique]',1,''),(72,'2012-12-10 10:35:50',1,10,'6','Renée Fleming [Musique > Musique Classique]',2,'url_image modifié pour blog « http://www.qobuz.com/blogs/andretubeuf/2012/12/03/renee-fleming-a-la-salle-pleyel/ ».'),(73,'2012-12-10 10:41:26',1,10,'6','Renée Fleming [Musique > Musique Classique]',2,'image modifié pour video « http://www.youtube.com/watch?v=_d_8ovQHbF4 ». image modifié pour blog « http://www.qobuz.com/blogs/andretubeuf/2012/12/03/renee-fleming-a-la-salle-pleyel/ ».'),(74,'2012-12-10 10:45:45',1,10,'6','Renée Fleming [Musique > Musique Classique]',2,'Aucun champ modifié.'),(75,'2012-12-10 14:37:19',1,10,'6','Renée Fleming [Musique > Musique Classique]',2,'image et url_image modifié pour video « http://www.youtube.com/watch?v=_d_8ovQHbF4 ». image et url_image modifié pour blog « http://www.qobuz.com/blogs/andretubeuf/2012/12/03/renee-fleming-a-la-salle-pleyel/ ».'),(76,'2012-12-10 14:49:44',1,10,'6','Renée Fleming [Musique > Musique Classique]',2,'video « http://www.youtube.com/watch?v=NToJ2phG7Qk » ajouté. blog « http://wanderer.blog.lemonde.fr/tag/fleming/ » ajouté.'),(77,'2012-12-10 14:58:23',1,10,'6','Renée Fleming [Musique > Musique Classique]',2,'video « http://www.youtube.com/watch?v=MAlC568USxM&feature=fvst » ajouté.'),(78,'2012-12-10 15:08:32',1,10,'6','Renée Fleming [Musique > Musique Classique]',2,'blog « http://blog.parisbroadway.com/2012/07/arabella.html » ajouté.'),(79,'2012-12-10 15:44:26',1,10,'7','Hound Dog Taylor [Musique > Blues]',1,''),(80,'2012-12-12 13:20:28',1,9,'21','Cinéma > classique',1,''),(81,'2012-12-12 13:20:51',1,9,'21','Cinéma > classique',3,''),(82,'2012-12-12 23:25:36',1,9,'24','Livre > BD',1,''),(83,'2012-12-12 23:25:57',1,9,'25','Livre > Jeunesse',1,''),(84,'2012-12-12 23:26:11',1,9,'26','Livre > Littérature',1,''),(85,'2012-12-12 23:26:26',1,9,'27','Livre > Fiction',1,''),(86,'2012-12-12 23:26:39',1,9,'28','Livre > Culture',1,''),(87,'2012-12-12 23:26:52',1,9,'29','Livre > Société',1,''),(88,'2012-12-12 23:27:06',1,9,'30','Livre > Art de vivre',1,''),(89,'2012-12-12 23:27:26',1,9,'31','Livre > Nature',1,''),(90,'2012-12-12 23:27:35',1,9,'32','Livre > Loisirs',1,''),(91,'2012-12-12 23:27:48',1,9,'33','Livre > Savoir',1,''),(92,'2012-12-12 23:28:45',1,9,'34','Art > Peinture',1,''),(93,'2012-12-12 23:28:55',1,9,'35','Art > Sculture',1,''),(94,'2012-12-12 23:29:18',1,9,'36','Art > Art Contemporain',1,''),(95,'2012-12-12 23:29:26',1,9,'37','Art > Architecture',1,''),(96,'2012-12-12 23:29:43',1,9,'38','Art > Patrimoine',1,''),(97,'2012-12-12 23:29:51',1,9,'39','Art > Photographie',1,''),(98,'2012-12-12 23:30:09',1,9,'40','Art > Marché de l\'art',1,''),(99,'2012-12-12 23:30:18',1,9,'41','Art > Design',1,''),(100,'2012-12-12 23:30:26',1,9,'42','Art > Décoration',1,''),(101,'2012-12-12 23:30:44',1,9,'43','Art > Voyage',1,''),(102,'2012-12-12 23:30:57',1,9,'44','Art > Archéologie',1,''),(103,'2012-12-12 23:31:58',1,9,'45','Cinéma > Critiques de films',1,''),(104,'2012-12-12 23:32:19',1,9,'46','Cinéma > Bandes annonces',1,''),(105,'2012-12-12 23:32:29',1,9,'47','Cinéma > Festivals',1,''),(106,'2012-12-12 23:32:36',1,9,'48','Cinéma > VOD',1,''),(107,'2012-12-12 23:33:13',1,9,'49','Cinéma > DVD - Blu-ray',1,''),(108,'2012-12-12 23:33:27',1,9,'50','Cinéma > Acteurs',1,''),(109,'2012-12-12 23:33:42',1,9,'51','Cinéma > Cinéastes',1,''),(110,'2012-12-12 23:34:32',1,9,'52','Théâtre > Boulevard - Comédie',1,''),(111,'2012-12-12 23:34:54',1,9,'53','Théâtre > Contemporain',1,''),(112,'2012-12-12 23:35:17',1,9,'54','Théâtre > Humour - Café-Théâtre',1,''),(113,'2012-12-12 23:35:33',1,9,'55','Théâtre > Classique',1,''),(114,'2012-12-12 23:35:45',1,9,'56','Théâtre > Cirque',1,''),(115,'2012-12-12 23:35:53',1,9,'57','Théâtre > Musique',1,''),(116,'2012-12-12 23:36:00',1,9,'58','Théâtre > Danse',1,''),(117,'2012-12-12 23:36:16',1,9,'59','Théâtre > Enfants',1,''),(118,'2012-12-12 23:36:41',1,9,'60','Théâtre > Festivals',1,''),(119,'2012-12-12 23:36:54',1,9,'61','Théâtre > Auteurs',1,''),(120,'2012-12-12 23:37:05',1,9,'62','Théâtre > Metteurs en scène',1,''),(121,'2012-12-12 23:37:14',1,9,'63','Théâtre > Comédiens',1,''),(122,'2012-12-12 23:40:06',1,9,'64','Audiovisuel > Séries TV',1,''),(123,'2012-12-12 23:40:21',1,9,'65','Audiovisuel > Téléfilms',1,''),(124,'2012-12-12 23:40:36',1,9,'66','Audiovisuel > Documentaires',1,''),(125,'2012-12-12 23:40:52',1,9,'67','Audiovisuel > Magazines',1,''),(126,'2012-12-12 23:41:03',1,9,'68','Audiovisuel > Journal TV',1,''),(127,'2012-12-12 23:41:27',1,9,'69','Audiovisuel > Courts-métrages',1,''),(128,'2012-12-12 23:43:03',1,9,'70','Multimédia > CD-ROM',1,''),(129,'2012-12-12 23:43:17',1,9,'71','Multimédia > Consoles de salon',1,''),(130,'2012-12-12 23:43:33',1,9,'72','Multimédia > Consoles portables',1,''),(131,'2012-12-12 23:43:54',1,9,'73','Multimédia > Jeux consoles',1,''),(132,'2012-12-12 23:44:24',1,9,'74','Multimédia > Jeux PC et Mac',1,''),(133,'2012-12-12 23:44:34',1,9,'75','Multimédia > Tous univers',1,''),(134,'2012-12-12 23:44:51',1,9,'76','Multimédia > Jeux import',1,''),(135,'2012-12-12 23:45:34',1,9,'77','Multimédia > Jeux vidéos rétro',1,''),(136,'2012-12-12 23:45:50',1,9,'78','Multimédia > Jeux éducatifs',1,''),(137,'2012-12-12 23:46:05',1,9,'79','Multimédia > Jeux de rôles',1,''),(138,'2012-12-12 23:46:22',1,9,'80','Multimédia > Jeux électroniques',1,''),(139,'2012-12-13 10:56:30',1,10,'8','Des hommes et des dieux [Cinéma > Critiques de films]',1,''),(140,'2012-12-13 11:02:50',1,10,'8','Des hommes et des dieux [Cinéma > Critiques de films]',2,'url_image modifié pour video « http://www.youtube.com/watch?v=lrW_My5tVcM ». url_image modifié pour blog « http://dasola.canalblog.com/archives/2010/09/11/19033600.html ».'),(141,'2012-12-13 18:02:28',1,10,'9','Dominique A [Musique > Chanson]',1,''),(142,'2012-12-13 18:05:25',1,10,'9','Dominique A [Musique > Chanson]',2,'url_image modifié pour blog « http://francofolies-blog.fr/WordPress3/?p=7787 ».'),(143,'2012-12-14 14:26:22',1,10,'9','Dominique A [Musique > Chanson]',2,'lien « http://www.franceculture.fr/emission-dominique-a-2006-04-09.html » ajouté. lien « http://www.lesinrocks.com/2012/01/21/musique/jai-tourne-dans-un-clip-de-dominique-a-113917/ » ajouté. lien « http://www.rfimusique.com/actu-musique/chanson/album/20120328-dominique » ajouté. lien « http://www.letelegramme.com/ig/generales/regions/bretagne/chanson-la-face-b-de-dominique-a-26-06-2012-1751745.php?utm_source=rss_telegramme&utm_medium=rss&utm_campaign=rss&xtor=RSS-52 » ajouté. lien « http://www.unidivers.fr/dominique-a-tombees-de-la-nuit-rennes/ » ajouté. lien « http://www.philomag.com/les-idees/les-questionnaires-de-socrate/dominique-a-le-faux-sage-1357 » ajouté. description modifié pour lien « http://www.lemonde.fr/culture/article/2012/04/10/dominique-a-vers-les-lueurs-de-la-gaite-lyrique_1681978_3246.html ».'),(144,'2012-12-18 14:25:28',1,10,'10','Michael Jackson [Musique > Variété internationale]',1,''),(145,'2012-12-18 14:51:45',1,10,'11','Jérôme Garcin [Livre > Culture]',1,''),(146,'2012-12-18 22:00:43',1,10,'12','Hugh Masekela [Musique > World Music]',1,''),(147,'2012-12-19 16:47:13',1,10,'1','David Guetta [Musique > Electro]',2,'video « http://www.dailymotion.com/video/xu1lnk_david-guetta-she-wolf-falling-to-pieces-feat-sia_music » ajouté. video « http://www.youtube.com/watch?v=PVzljDmoPVs » ajouté. video « http://lci.tf1.fr/culture/musique/connaissez-vous-la-voix-de-titanium-et-she-wolf-de-david-guetta-7580633.html » ajouté. video « http://www.youtube.com/watch?v=NCHLELw_1B0 » ajouté.'),(148,'2012-12-20 09:01:36',1,10,'12','Hugh Masekela [Musique > World Music]',2,'blog « http://www.paperblog.fr/5912080/jazz-in-sa-hugh-masekela/ » ajouté.'),(149,'2012-12-20 09:11:55',1,10,'12','Hugh Masekela [Musique > World Music]',2,'lien « http://www.afriquinfos.com/articles/2012/11/10/hugh-masekela-selection-musicale-dafriquinfos-212751.asp » ajouté.'),(150,'2012-12-20 09:14:54',1,10,'12','Hugh Masekela [Musique > World Music]',2,'lien « http://www.abidjan.net/qui/profil.asp?id=458 » ajouté. description modifié pour lien « http://www.afriquinfos.com/articles/2012/11/10/hugh-masekela-selection-musicale-dafriquinfos-212751.asp ».'),(151,'2012-12-23 21:00:10',1,10,'13','Charles Aznavour [Musique > Chanson]',1,''),(152,'2012-12-24 14:02:07',1,3,'2','Bernard.Loupias',3,''),(153,'2012-12-24 15:21:46',1,10,'14','Louis Aragon [Livre > Littérature]',1,''),(154,'2012-12-28 09:27:16',1,8,'4','Livres',2,'Modifié nom. priorite modifié pour sous rubrique « Livres > Art de vivre ».'),(155,'2012-12-28 09:28:11',1,8,'5','Arts',2,'Modifié nom. nom modifié pour sous rubrique « Arts > Sculpture ».'),(156,'2012-12-28 09:29:44',1,8,'4','Livres',2,'Aucun champ modifié.'),(157,'2012-12-28 09:30:18',1,8,'2','Musique',2,'Aucun champ modifié.'),(158,'2012-12-28 09:44:46',1,10,'15','Barbara [Musique > Chanson]',1,''),(159,'2012-12-28 14:45:29',1,10,'15','Barbara [Musique > Chanson]',2,'lien « http://www.liberation.fr/culture/2012/11/30/barbara-s-en-fut-un-soir-en-novembre_864275 » ajouté. lien « http://www.lemonde.fr/culture/article/2012/11/24/la-memoire-vive-de-barbara-continue-d-irriguer-la-jeune-chanson-francaise_1795518_3246.html » ajouté. lien « http://lesamisdebarbara.free.fr/ » ajouté. lien « http://www.universalmusic.fr/barbara/biographie » ajouté. lien « http://www.telerama.fr/musique/barbara-notre-plus-belle-histoire-d-amour,89759.php » ajouté. lien « http://www.franceinter.fr/emission-barbara-en-noir-et-blanc-l-enfance-de-barbara » ajouté. lien « http://www.lexpress.fr/culture/musique/treize-chansons-de-barbara_1190672.html » ajouté. lien « http://www.rfimusique.com/artiste/chanson/barbara/biographie » ajouté. lien « http://lesamisdebarbara.free.fr/echosbulletins/echobullautomne19.html » ajouté. video « http://www.youtube.com/watch?v=jkwaT2mLrtA » ajouté. blog « http://entre-bretagne-et-roussillon.eklablog.com/la-chanteuse-barbara-a59562719 » ajouté. blog « http://telematinduweb.skynetblogs.be/archive/2008/01/22/exposition-barbara-la-chanteuse-de-minuit.html » ajouté. blog « http://pays-de-la-loire.france3.fr/2012/07/26/nantes-sur-les-traces-de-barbara-60415.html » ajouté.'),(160,'2012-12-30 18:41:32',1,10,'15','Barbara [Musique > Chanson]',2,'video « http://www.youtube.com/watch?v=jjXZLvVgkVg&hl=fr&gl=FR » ajouté. video « http://www.youtube.com/watch?v=9BGgotF35ok » ajouté. video « http://www.dailymotion.com/video/xv9rjk_barbara-l-oeillet-blanc-chanson-francaise_music?search_algo=2 » ajouté. video « http://www.ina.fr/video/CAB97140295/obseques-barbara-bagneux.fr.html » ajouté. video « http://www.ina.fr/art-et-culture/arts-du-spectacle/video/CAF88034592/une-femme-qui-chante-barbara.fr.html » ajouté. video « http://www.ina.fr/video/CPF07009472/barbara-par-barbara.fr.html » ajouté. video « http://www.ina.fr/art-et-culture/musique/video/CAF88049401/interview-barbara.fr.html » ajouté.'),(161,'2012-12-30 18:50:32',1,10,'15','Barbara [Musique > Chanson]',2,'video « http://www.youtube.com/watch?v=GlVrWsEUFGY » ajouté. video « http://www.youtube.com/watch?v=K0gGcNLQoIo » ajouté.'),(162,'2012-12-30 19:03:15',1,10,'15','Barbara [Musique > Chanson]',2,'blog « http://www.le-blog-des-senioriales.fr/2011/02/soiree-cabaret-consacree-a-barbara/ » ajouté. blog « http://agnes-jaoui.over-blog.com/article-7276320.html » ajouté. blog « http://leblogdephilopera.blogspot.fr/2012/12/biographie-de-barbara-par-david-lelait.html » ajouté. blog « http://a-fleur-de-mots.over-blog.com/article-hommage-a-barbara-24-novembre-1997-24-novembre-2012-112730171.html » ajouté. blog « http://www.louispaulfallot.fr/archive/2012/11/23/dis-quand-reviendras-tu.html » ajouté. blog « http://livres.rencontres.bardot.barbara.star.over-blog.com/article-hommage-a-barbara-a-la-mairie-de-cadaujac-photos-libor-sir-112058748.html » ajouté.'),(163,'2012-12-30 19:06:35',1,10,'15','Barbara [Musique > Chanson]',2,'blog « http://allemagnehorslesmurs.blogs.rfi.fr/article/2012/01/22/22-janvier-journee-franco-allemande-lhistoire-dun-hymne-goettingen » ajouté. blog « http://www.profencampagne.com/article-ina-fr---barbara-112773344.html » ajouté.'),(164,'2012-12-30 20:21:01',1,10,'15','Barbara [Musique > Chanson]',2,'blog « http://www.passion-barbara.net/ » ajouté.'),(165,'2013-01-01 17:07:34',1,10,'11','Jérôme Garcin [Livres > Culture]',2,'lien « http://bibliobs.nouvelobs.com/les-ecrivains-de-l-obs/20120210.OBS1075/la-correspondance-chessex-garcin.html » ajouté. lien « http://www.lejdd.fr/Chroniques/Bernard-Pivot/Une-amitie-improbable-et-vraie-par-Bernard-Pivot-479206 » ajouté. lien « http://www.lexpress.fr/culture/livre/olivier_965433.html » ajouté. lien « http://www.dailyneuvieme.com/Le-jardin-discret-de-Jerome-Garcin_a1373.html » ajouté. lien « http://www.fondation-apsommer.org/fr/mediation-animale-jerome-garcin,78.html » ajouté. lien « http://www.fabriquedesens.net/Litterature-et-medecine-un » ajouté. lien « http://monroman.skynetblogs.be/archive/2012/12/24/c-etait-tous-les-jours-tempete-jerome-garcin.html » ajouté. lien « http://www.gallimard.fr/catalog/entretiens/01057243.HTM » ajouté. lien « http://www.bibliotheque-sonore-caen.fr/2012/09/les-automnales-normandes-rencontre-avec-jerome-garcin/1823 » ajouté. blog « http://www.francisrichard.net/article-fraternite-secrete-de-jacques-chessex-et-jerome-garcin-99395068.html » ajouté.'),(166,'2013-01-02 16:44:50',1,10,'16','Danyèl Waro [Musique > Musique du Monde]',1,''),(167,'2013-01-11 11:47:08',1,2,'2','Contributeurs',1,''),(168,'2013-01-11 11:47:22',1,3,'3','ndubien',1,''),(169,'2013-01-11 11:47:53',1,3,'3','ndubien',2,'Modifié password, is_staff et groups.'),(170,'2013-01-13 14:02:27',1,10,'8','Des hommes et des dieux [Cinéma > Critiques de films]',2,'lien « http://www.la-croix.com/Culture/Actualite/Des-hommes-et-des-dieux-la-fraternite-a-l-etat-pur-_NG_-2011-02-26-578006 » ajouté. lien « http://editionslevistemboir.com/editions/spip.php?article14 » ajouté. lien « http://television.telerama.fr/tele/films/des-hommes-et-des-dieux,16136322.php » ajouté. lien « http://www.lemonde.fr/festival-de-cannes/article/2010/05/19/des-hommes-et-des-dieux-la-montee-vers-le-martyre-des-moines-de-tibehirine_1353761_766360.html » ajouté. lien « http://www.paroisse-croixdevalchevriere-cathisere.cef.fr/site/Des-hommes-et-des-dieux.html » ajouté. lien « http://www.lepoint.fr/culture/des-hommes-et-des-dieux-de-la-grace-et-des-larmes-02-09-2010-1231576_3.php » ajouté. lien « http://www.lesinrocks.com/cinema/films-a-l-affiche/des-hommes-et-des-dieux-le-film-de-la-grace/ » ajouté. lien « http://www.rue89.com/la-bande-du-cine/2010/09/08/des-hommes-et-des-dieux-du-bure-genie-165783 » ajouté. lien « http://www.lexpress.fr/culture/cinema/michael-lonsdale-je-suis-plus-heureux-aujourd-hui-que-jamais_976166.html » ajouté. lien « http://www.dominicain.net/des-hommes-et-des-dieux.php » ajouté. url_image modifié pour video « http://www.youtube.com/watch?v=lrW_My5tVcM ».'),(171,'2013-01-15 21:46:52',1,10,'17','Intouchables [Cinéma > Critiques de films]',1,''),(172,'2013-01-15 21:55:55',1,10,'17','Intouchables [Cinéma > Critiques de films]',2,'lien « http://www.lemonde.fr/cinema/article/2011/11/01/intouchables-derriere-la-comedie-populaire-une-metaphore-sociale-genereuse_1596827_3476.html » ajouté. lien « http://www.lesinrocks.com/cinema/films-a-l-affiche/intouchables-une-fable-relou-et-demagogique/ » ajouté. lien « http://www.lexpress.fr/culture/cinema/intouchables-la-critique_1046777.html » ajouté. lien « http://www.lexpress.fr/culture/cinema/qui-a-envoye-intouchables-aux-oscars_1163372.html » ajouté. lien « http://culturevisuelle.org/luciddreams/archives/293 » ajouté.'),(173,'2013-01-15 22:03:43',1,10,'17','Intouchables [Cinéma > Critiques de films]',2,'lien « http://www.lemonde.fr/culture/article/2012/03/03/intouchables-touchera-t-il-les-americains_1651450_3246.html » ajouté. lien « http://www.enquete-debat.fr/archives/intouchables-symbole-de-la-france-handicapee-et-assistee-31092 » ajouté. video « http://www.youtube.com/watch?v=cXu2MhWYUuE » ajouté. video « http://www.youtube.com/watch?v=pvvVORUCVLg » ajouté. video « http://www.youtube.com/watch?v=qaEcVvEHax8 » ajouté.'),(174,'2013-01-19 16:54:14',1,10,'17','Intouchables [Cinéma > Critiques de films]',2,'blog « http://www.toledano-nakache.com/ » ajouté. blog « http://lacourneuve.blog.lemonde.fr/2011/11/30/a-la-courneuve-derniere-seance-pour-intouchables/ » ajouté. blog « http://genevievejurgensen.blog50.com/archive/2011/11/06/formidables-intouchables.html » ajouté.'),(175,'2013-01-21 11:05:22',1,10,'17','Intouchables [Cinéma > Critiques de films]',2,'lien « http://archives-lepost.huffingtonpost.fr/article/2011/11/06/2631674_intouchables-combien-les-journalistes-ont-ils-touche-pour-dire-autant-de-bien-de-ce-film.html » ajouté.'),(176,'2013-01-22 08:32:09',1,10,'18','Alain Bashung [Musique > Chanson]',1,''),(177,'2013-01-24 15:06:51',1,10,'18','Alain Bashung [Musique > Chanson]',2,'video « http://www.youtube.com/watch?v=eLhz8WELr00 » ajouté. video « http://www.youtube.com/watch?v=mey8GokRFf4 » ajouté. video « http://www.youtube.com/watch?v=IyGSLZ9FG_k&list=PL0B69179F65952885 » ajouté.'),(178,'2013-01-24 15:10:44',1,9,'81','Livres > Economie',1,''),(179,'2013-01-24 15:15:11',1,9,'31','Livres > Nature',2,'Modifié priorite.'),(180,'2013-01-24 15:15:46',1,9,'82','Livres > Politique',1,''),(181,'2013-01-24 15:54:53',1,10,'18','Alain Bashung [Musique > Chanson]',2,'blog « http://www.monsieurbashung.com/archive/2012/09/07/quelques-cliches-sur-bashung-and-co-par-pierre-terrasson.html » ajouté. blog « http://lespetitesnotesdepao.blogspot.fr/2012/06/le-site-officiel-de-bashung-ete.html » ajouté. blog « http://www.rock-n-blog.fr/article-alain-bashung-l-homme-a-tete-de-chou-2011-90976655.html » ajouté.'),(182,'2013-01-25 13:54:19',1,3,'4','N.ABDI',1,''),(183,'2013-01-25 13:55:50',1,3,'4','N.ABDI',3,''),(184,'2013-02-16 18:19:20',1,3,'5','Thibord',1,''),(185,'2013-02-16 18:30:30',1,3,'5','Thibord',2,'Modifié password, first_name, last_name, email, is_staff et user_permissions.'),(186,'2013-02-16 18:36:53',1,3,'5','Thibord',2,'Modifié password.'),(187,'2013-02-16 18:39:17',1,3,'5','Thibord',2,'Modifié password et is_active.'),(188,'2013-02-16 18:44:01',1,3,'5','Thibord',2,'Modifié password.'),(189,'2013-02-16 19:35:41',1,3,'5','Thibord',2,'Modifié password et is_active.'),(190,'2013-02-16 19:40:21',1,3,'5','Thibord',2,'Modifié password.'),(191,'2013-02-16 19:41:51',1,3,'5','Thibord',2,'Modifié password et is_superuser.'),(192,'2013-02-16 19:43:48',1,3,'5','Thibord',2,'Modifié password et is_superuser.'),(193,'2013-02-16 19:45:27',1,3,'5','Thibord',2,'Modifié password, is_active et is_staff.'),(194,'2013-02-16 19:47:09',1,3,'5','Thibord',2,'Modifié password et is_staff.'),(195,'2013-02-16 19:49:31',1,3,'5','Thibord',2,'Modifié password et is_active.'),(196,'2013-02-16 19:52:11',1,3,'5','Thibord',2,'Modifié password.'),(197,'2013-02-25 09:07:34',1,3,'5','Thibord',2,'Modifié password, groups et user_permissions.'),(198,'2013-02-25 22:02:45',1,3,'5','Thibord',2,'Modifié password et user_permissions.'),(199,'2013-03-07 18:50:32',1,3,'5','Thibord',2,'Modifié password et user_permissions.'),(200,'2013-03-16 21:13:27',1,3,'5','Thibord',3,''),(201,'2013-03-22 11:58:08',1,10,'19','Le Corbusier [Arts > Architecture]',1,''),(202,'2013-03-22 12:04:09',1,10,'19','Le Corbusier [Arts > Architecture]',2,'video « http://www.youtube.com/watch?v=LQayb3glupE » ajouté. blog « http://1.bp.blogspot.com/_JgqUG3QeK8g/TKNSgvXCjAI/AAAAAAAAEvM/fQDaVwm14e0/s1600/Corbusier_portrait.jpg » ajouté.'),(203,'2013-03-22 12:06:39',1,10,'19','Le Corbusier [Arts > Architecture]',2,'url_image modifié pour video « http://www.youtube.com/watch?v=LQayb3glupE ». blog « http://1.bp.blogspot.com/_JgqUG3QeK8g/TKNSgvXCjAI/AAAAAAAAEvM/fQDaVwm14e0/s1600/Corbusier_portrait.jpg » supprimé.'),(204,'2013-03-22 13:45:47',1,10,'19','Le Corbusier [Arts > Architecture]',2,'lien « http://www.fondationlecorbusier.fr/corbuweb/morpheus.aspx?sysName=home&sysLanguage=fr-fr&sysInfos=1 » ajouté. lien « http://www.amis-de-le-corbusier.fr/amis-de-le-corbusier » ajouté. lien « http://www.letemps.ch/Page/Uuid/32629646-05c3-11e2-831a-14992fc03de0/Le_Corbusier_une_ma%C3%AEtrise_du_monde » ajouté. lien « http://tempsreel.nouvelobs.com/societe/20121012.AFP1887/la-cite-radieuse-de-le-corbusier-60-ans-et-une-aventure-qui-seduit-toujours.html » ajouté. lien « http://www.lemonde.fr/culture/article/2008/06/25/la-messe-n-est-pas-dite-sur-le-projet-ronchamp_1062640_3246.html » ajouté. lien « http://www.lexpress.fr/vacances-ete/de-firminy-a-eveux-partez-sur-les-traces-de-l-architecte-le-corbusier-en-rhone-alpes_1130967.html » ajouté. lien « http://www.liberation.fr/sciences/0101560659-le-grand-pari-de-le-corbusier » ajouté. lien « http://www.editionsimbernon.com/librairie/35/cite-radieuse.html » ajouté. lien « http://www.laprovence.com/article/actualites/2200450/marseille-le-corbusier-renait-doucement-de-ses-cendres.html » ajouté. video « http://www.ina.fr/video/CPF86607051 » ajouté. video « http://www.youtube.com/watch?v=rWbcbC7uUaQ » ajouté. blog « http://www.orgone-design.com/blog/histoire-du-design/naissance-du-modernisme/le-corbusier-architecte/ » ajouté. blog « http://jacquotboileaualain.over-blog.com/article-ronchamp-le-corbusier-en-bleu-et-blanc-115401585.html » ajouté. blog « http://technotendency.over-blog.com/article-culture-le-corbusier-architecte-visionnaire-76914724.html » ajouté.'),(205,'2013-03-22 13:48:36',1,10,'19','Le Corbusier [Arts > Architecture]',2,'url_image modifié pour video « http://www.ina.fr/video/CPF86607051 ».'),(206,'2013-03-22 13:50:34',1,10,'19','Le Corbusier [Arts > Architecture]',2,'url_image modifié pour video « http://www.youtube.com/watch?v=rWbcbC7uUaQ ».'),(207,'2013-04-10 12:41:26',1,3,'6','carlos',1,''),(208,'2013-09-04 21:32:11',1,3,'6','carlos',3,''),(209,'2013-09-04 21:32:11',1,3,'3','ndubien',3,''),(210,'2013-09-07 15:55:32',1,10,'20','Edith Piaf [Musique > Chanson]',1,''),(211,'2014-01-19 16:45:53',1,10,'7','Hound Dog Taylor [Musique > Blues]',2,'lien « http://bluesagain.com/p_portraits/hound%20dog%20taylor%20par%20bruce%20iglauer%20part%201.html » ajouté.'),(212,'2014-01-19 16:47:59',1,10,'7','Hound Dog Taylor [Musique > Blues]',2,'description modifié pour lien « http://bluesagain.com/p_portraits/hound%20dog%20taylor%20par%20bruce%20iglauer%20part%201.html ».'),(213,'2014-01-19 16:59:07',1,10,'7','Hound Dog Taylor [Musique > Blues]',2,'lien « http://virusdeblues.free.fr/n3_Hound_Dog_Taylor.htm » ajouté.'),(214,'2014-01-19 17:26:23',1,10,'7','Hound Dog Taylor [Musique > Blues]',2,'Aucun champ modifié.'),(215,'2014-01-23 21:45:03',1,10,'21','Julie Gayet [Cinéma > Acteurs]',1,''),(216,'2014-01-23 21:50:08',1,10,'21','Julie Gayet [Cinéma > Acteurs]',2,'url_image modifié pour video « http://www.canalplus.fr/c-cinema/c-l-actu-du-cinema/cid771086-julie-gayet-raphael-personnaz-la-nuit-leur-appartient.html ». url_image modifié pour video « http://www.gala.fr/videos/videos_people/video_-_julie_gayet_et_les_films_de_l_enfance_274617 ».'),(217,'2014-01-23 21:54:40',1,10,'21','Julie Gayet [Cinéma > Acteurs]',2,'url_image modifié pour video « http://www.cineplus.fr/pid5866-cine-premier.html?vid=940582 ». url_image modifié pour video « http://www.canalplus.fr/c-cinema/c-l-actu-du-cinema/cid771086-julie-gayet-raphael-personnaz-la-nuit-leur-appartient.html ». url_image modifié pour video « http://www.gala.fr/videos/videos_people/video_-_julie_gayet_et_les_films_de_l_enfance_274617 ».'),(218,'2014-01-29 18:13:45',1,10,'21','Julie Gayet [Cinéma > Acteurs]',2,'blog « http://www.leblogtvnews.com/article-28703338.html » ajouté. blog « http://fluctuat.premiere.fr/Cinema/News-Videos/Rencontre-avec-Julie-Gayet-productrice-de-Fix-Me-3233582 » ajouté. blog « http://critichall.com/blog/?p=278 » ajouté.'),(219,'2014-01-29 18:33:37',1,10,'21','Julie Gayet [Cinéma > Acteurs]',2,'lien « http://www.lemonde.fr/cinema/article/2011/09/06/carre-blanc-le-cauchemar-neo-liberal-a-venir_1568005_3476.html » ajouté. lien « http://www.telerama.fr/cinema/elle-a-ose,62533.php » ajouté. lien « http://petitsecrans.imca.fr/2010/02/02/clandestin_fiction_de_france_2/ » ajouté. lien « http://www.terrafemina.com/culture/cine/articles/22037-on-a-vu-after-avec-julie-gayet-et-raphael-personnaz-pour-les-amoureux-de-lamour.html » ajouté. lien « http://www.pinkfrenetik.com/2013/01/29/after-de-geraldine-maillet-avec-julie-gayet-et-raphael-personnaz/#.UuPpvMvLTIU » ajouté.'),(220,'2014-03-24 21:26:45',1,10,'21','Julie Gayet [Cinéma > Acteurs]',2,'lien « http://www.lalibre.be/culture/cinema/julie-gayet-l-amant-et-le-mort-52e886303570e5b8eee996e5 » ajouté. lien « http://www.fascineshion.com/fr/cinema/julie-gayet/49/ » ajouté. lien « http://www.novaplanet.com/radionova/bientot-nova-club-du-vendredi-aux-platines-julie-gayet-guizmo » ajouté.'),(221,'2014-03-27 13:53:24',1,10,'21','Julie Gayet [Cinéma > Acteurs]',2,'lien « http://www.cinemotions.com/Julie-Gayet-nm23712 » ajouté.'),(222,'2014-06-18 13:10:32',1,10,'22','Marcel Amont [Musique > Chanson]',1,''),(223,'2014-07-04 20:59:42',1,10,'7','Hound Dog Taylor [Musique > Blues]',2,'url_image modifié pour video « http://www.youtube.com/watch?v=uHylp0HR9Hw ». url_image modifié pour blog « http://leblogblues.blogspot.fr/2007/08/hound-dog-taylor.html ».'),(224,'2014-07-04 21:34:04',1,10,'7','Hound Dog Taylor [Musique > Blues]',2,'lien « http://www.lexpress.fr/informations/du-blues-et-rien-d-autre_617778.html » ajouté. lien « http://le-club-des-mangeurs-de-disques.blogspot.fr/2011/04/hound-dog-taylor-house-rockers-beware.html » ajouté.'),(225,'2015-09-07 19:39:51',1,10,'23','Willie Nelson [Musique > Country]',1,''),(226,'2015-09-08 13:19:58',1,10,'13','Charles Aznavour [Musique > Chanson]',2,'url modifié pour video « https://www.youtube.com/watch?v=HY5HYyHMTDQ ».'),(227,'2015-09-08 13:24:11',1,10,'13','Charles Aznavour [Musique > Chanson]',2,'url_image modifié pour blog « http://laboitedeguillermo.over-blog.com/article-le-jour-ou-j-ai-rencontre-charles-aznavour-83443053.html ».'),(228,'2015-09-08 15:00:11',1,10,'24','Olivier Dalage [Livres > Politique]',1,''),(229,'2015-09-08 15:01:34',1,10,'24','Olivier Da Lage [Livres > Politique]',2,'Modifié nom.'),(230,'2015-09-08 15:12:56',1,10,'24','Olivier Da Lage [Livres > Politique]',2,'video « http://www.dailymotion.com/video/x2hyymk » ajouté.'),(231,'2015-09-08 15:25:16',1,10,'24','Olivier Da Lage [Livres > Politique]',2,'lien « https://www.monde-diplomatique.fr/1987/01/GRESH/39722 » ajouté.'),(232,'2015-09-23 11:20:39',1,10,'18','Alain Bashung [Musique > Chanson]',2,'url_image modifié pour video « http://www.youtube.com/watch?v=mey8GokRFf4 ».'),(233,'2015-09-23 11:33:33',1,10,'18','Alain Bashung [Musique > Chanson]',2,'url modifié pour video « https://www.youtube.com/watch?v=RMg32UYi5jA&index=11&list=PL0B69179F65952885 ».'),(234,'2016-01-14 16:04:52',1,10,'14','Louis Aragon [Livres > Littérature]',2,'url_image modifié pour blog « http://comite-pour-une-nouvelle-resistance.over-blog.com/article-louis-aragon-est-parti-dans-les-etoiles-il-y-a-30-ans-112676778.html ».'),(235,'2016-01-14 16:08:22',1,10,'15','Barbara [Musique > Chanson]',2,'url_image modifié pour video « http://www.youtube.com/watch?v=jkwaT2mLrtA ».'),(236,'2016-01-14 16:13:04',1,10,'13','Charles Aznavour [Musique > Chanson]',2,'url_image modifié pour video « http://www.youtube.com/watch?v=ieYQKS9-Is0&gl=FR&hl=fr ». url_image modifié pour blog « http://www.blogmorlino.com/index.php/2011/10/01/title_543 ». url_image modifié pour blog « http://veromel58.canalblog.com/archives/2012/09/24/25173782.html ».'),(237,'2016-01-14 16:15:36',1,10,'20','Edith Piaf [Musique > Chanson]',2,'url_image modifié pour blog « http://www.frenchmomentsblog.com/tag/edith-piaf/ ». url_image modifié pour blog « http://www.pauljorion.com/blog/?p=280 ».'),(238,'2016-01-14 16:19:37',1,10,'9','Dominique A [Musique > Chanson]',2,'url_image modifié pour video « http://www.youtube.com/watch?v=SgeI6G4CLMk ». url_image modifié pour blog « http://www.blogotheque.net/2012/09/20/dominique-a-2/ ». url_image modifié pour blog « http://francofolies-blog.fr/WordPress3/?p=7787 ».');
/*!40000 ALTER TABLE `django_admin_log` ENABLE KEYS */;
UNLOCK TABLES;

--
-- Table structure for table `django_content_type`
--

DROP TABLE IF EXISTS `django_content_type`;
/*!40101 SET @saved_cs_client     = @@character_set_client */;
/*!40101 SET character_set_client = utf8 */;
CREATE TABLE `django_content_type` (
  `id` int(11) NOT NULL AUTO_INCREMENT,
  `name` varchar(100) NOT NULL,
  `app_label` varchar(100) NOT NULL,
  `model` varchar(100) NOT NULL,
  PRIMARY KEY (`id`),
  UNIQUE KEY `app_label` (`app_label`,`model`)
) ENGINE=InnoDB AUTO_INCREMENT=14 DEFAULT CHARSET=utf8;
/*!40101 SET character_set_client = @saved_cs_client */;

--
-- Dumping data for table `django_content_type`
--

LOCK TABLES `django_content_type` WRITE;
/*!40000 ALTER TABLE `django_content_type` DISABLE KEYS */;
INSERT INTO `django_content_type` VALUES (1,'permission','auth','permission'),(2,'group','auth','group'),(3,'user','auth','user'),(4,'content type','contenttypes','contenttype'),(5,'session','sessions','session'),(6,'site','sites','site'),(7,'log entry','admin','logentry'),(8,'rubrique','searchengine','rubrique'),(9,'sous rubrique','searchengine','sousrubrique'),(10,'element','searchengine','element'),(11,'lien','searchengine','lien'),(12,'blog','searchengine','blog'),(13,'video','searchengine','video');
/*!40000 ALTER TABLE `django_content_type` ENABLE KEYS */;
UNLOCK TABLES;

--
-- Table structure for table `django_session`
--

DROP TABLE IF EXISTS `django_session`;
/*!40101 SET @saved_cs_client     = @@character_set_client */;
/*!40101 SET character_set_client = utf8 */;
CREATE TABLE `django_session` (
  `session_key` varchar(40) NOT NULL,
  `session_data` longtext NOT NULL,
  `expire_date` datetime NOT NULL,
  PRIMARY KEY (`session_key`),
  KEY `django_session_c25c2c28` (`expire_date`)
) ENGINE=InnoDB DEFAULT CHARSET=utf8;
/*!40101 SET character_set_client = @saved_cs_client */;

--
-- Dumping data for table `django_session`
--

LOCK TABLES `django_session` WRITE;
/*!40000 ALTER TABLE `django_session` DISABLE KEYS */;
INSERT INTO `django_session` VALUES ('01080e45cd02f6fe22af498ff4d99efc','MDQ2MGM0M2NjYWMwNDE5OWI2ZGUzNjYwY2NlYjdkNjZmN2ZkNTI5NjqAAn1xAShVEl9hdXRoX3Vz\nZXJfYmFja2VuZHECVSlkamFuZ28uY29udHJpYi5hdXRoLmJhY2tlbmRzLk1vZGVsQmFja2VuZHED\nVQ1fYXV0aF91c2VyX2lkcQSKAQF1Lg==\n','2016-05-13 14:58:39'),('09f642a2560fd74e03ec9e0877654aeb','MDQ2MGM0M2NjYWMwNDE5OWI2ZGUzNjYwY2NlYjdkNjZmN2ZkNTI5NjqAAn1xAShVEl9hdXRoX3Vz\nZXJfYmFja2VuZHECVSlkamFuZ28uY29udHJpYi5hdXRoLmJhY2tlbmRzLk1vZGVsQmFja2VuZHED\nVQ1fYXV0aF91c2VyX2lkcQSKAQF1Lg==\n','2013-06-21 03:09:26'),('0ed1fd98e5f1e0f2f725787f89c20c80','MDQ2MGM0M2NjYWMwNDE5OWI2ZGUzNjYwY2NlYjdkNjZmN2ZkNTI5NjqAAn1xAShVEl9hdXRoX3Vz\nZXJfYmFja2VuZHECVSlkamFuZ28uY29udHJpYi5hdXRoLmJhY2tlbmRzLk1vZGVsQmFja2VuZHED\nVQ1fYXV0aF91c2VyX2lkcQSKAQF1Lg==\n','2013-02-22 15:36:27'),('0f68d44e3e7e89077a058e3d3487d5cb','YmM1NDhhNjZhNGFlM2NhMjc1MWZjZjM5YWM2OTIwZjE0YjU1N2FiNDqAAn1xAVUKdGVzdGNvb2tp\nZXECVQZ3b3JrZWRxA3Mu\n','2014-04-15 16:50:57'),('120eb4976cfa23925881aa431efb07ea','MDQ2MGM0M2NjYWMwNDE5OWI2ZGUzNjYwY2NlYjdkNjZmN2ZkNTI5NjqAAn1xAShVEl9hdXRoX3Vz\nZXJfYmFja2VuZHECVSlkamFuZ28uY29udHJpYi5hdXRoLmJhY2tlbmRzLk1vZGVsQmFja2VuZHED\nVQ1fYXV0aF91c2VyX2lkcQSKAQF1Lg==\n','2016-06-16 21:05:53'),('1520a80fe68fffa87eeb49b4625d8a34','MjQwZmNhNWYzZWRkZjdjMDAxYzU0MjBkMjcxMjE0MmQxYTU2MWIyODqAAn1xAS4=\n','2012-12-22 17:43:12'),('156dd6ca7f69feacaf433918e2b42555','MDQ2MGM0M2NjYWMwNDE5OWI2ZGUzNjYwY2NlYjdkNjZmN2ZkNTI5NjqAAn1xAShVEl9hdXRoX3Vz\nZXJfYmFja2VuZHECVSlkamFuZ28uY29udHJpYi5hdXRoLmJhY2tlbmRzLk1vZGVsQmFja2VuZHED\nVQ1fYXV0aF91c2VyX2lkcQSKAQF1Lg==\n','2013-04-24 12:40:29'),('163c9390b1704ac3f13e2b909f603071','MjQwZmNhNWYzZWRkZjdjMDAxYzU0MjBkMjcxMjE0MmQxYTU2MWIyODqAAn1xAS4=\n','2013-01-01 00:20:34'),('1c7f870ac1a99ad24565263facf85da4','MDQ2MGM0M2NjYWMwNDE5OWI2ZGUzNjYwY2NlYjdkNjZmN2ZkNTI5NjqAAn1xAShVEl9hdXRoX3Vz\nZXJfYmFja2VuZHECVSlkamFuZ28uY29udHJpYi5hdXRoLmJhY2tlbmRzLk1vZGVsQmFja2VuZHED\nVQ1fYXV0aF91c2VyX2lkcQSKAQF1Lg==\n','2014-07-02 12:16:23'),('1f0b6de7b14802e2bfd99983aa9ff0b0','MDQ2MGM0M2NjYWMwNDE5OWI2ZGUzNjYwY2NlYjdkNjZmN2ZkNTI5NjqAAn1xAShVEl9hdXRoX3Vz\nZXJfYmFja2VuZHECVSlkamFuZ28uY29udHJpYi5hdXRoLmJhY2tlbmRzLk1vZGVsQmFja2VuZHED\nVQ1fYXV0aF91c2VyX2lkcQSKAQF1Lg==\n','2013-01-30 10:54:50'),('20550a963b667cc00a72f74881b74cba','MDQ2MGM0M2NjYWMwNDE5OWI2ZGUzNjYwY2NlYjdkNjZmN2ZkNTI5NjqAAn1xAShVEl9hdXRoX3Vz\nZXJfYmFja2VuZHECVSlkamFuZ28uY29udHJpYi5hdXRoLmJhY2tlbmRzLk1vZGVsQmFja2VuZHED\nVQ1fYXV0aF91c2VyX2lkcQSKAQF1Lg==\n','2015-10-07 11:32:50'),('21460cf917d008c402288b03a9b631c6','MDQ2MGM0M2NjYWMwNDE5OWI2ZGUzNjYwY2NlYjdkNjZmN2ZkNTI5NjqAAn1xAShVEl9hdXRoX3Vz\nZXJfYmFja2VuZHECVSlkamFuZ28uY29udHJpYi5hdXRoLmJhY2tlbmRzLk1vZGVsQmFja2VuZHED\nVQ1fYXV0aF91c2VyX2lkcQSKAQF1Lg==\n','2012-12-19 07:12:59'),('227b189645d154321ad57d2a6a77359f','MDQ2MGM0M2NjYWMwNDE5OWI2ZGUzNjYwY2NlYjdkNjZmN2ZkNTI5NjqAAn1xAShVEl9hdXRoX3Vz\nZXJfYmFja2VuZHECVSlkamFuZ28uY29udHJpYi5hdXRoLmJhY2tlbmRzLk1vZGVsQmFja2VuZHED\nVQ1fYXV0aF91c2VyX2lkcQSKAQF1Lg==\n','2014-09-02 13:06:10'),('2330048be723c8477169b2c0705f99c9','MjQwZmNhNWYzZWRkZjdjMDAxYzU0MjBkMjcxMjE0MmQxYTU2MWIyODqAAn1xAS4=\n','2012-12-26 23:50:18'),('23b0165654e9ff2f6e2c38db612d052a','MDQ2MGM0M2NjYWMwNDE5OWI2ZGUzNjYwY2NlYjdkNjZmN2ZkNTI5NjqAAn1xAShVEl9hdXRoX3Vz\nZXJfYmFja2VuZHECVSlkamFuZ28uY29udHJpYi5hdXRoLmJhY2tlbmRzLk1vZGVsQmFja2VuZHED\nVQ1fYXV0aF91c2VyX2lkcQSKAQF1Lg==\n','2017-05-17 06:03:25'),('24c5357af7449aff98558a4f6d354ca2','MjQwZmNhNWYzZWRkZjdjMDAxYzU0MjBkMjcxMjE0MmQxYTU2MWIyODqAAn1xAS4=\n','2013-11-04 16:18:07'),('25f44fcc1140059de23738da83fa302c','MDQ2MGM0M2NjYWMwNDE5OWI2ZGUzNjYwY2NlYjdkNjZmN2ZkNTI5NjqAAn1xAShVEl9hdXRoX3Vz\nZXJfYmFja2VuZHECVSlkamFuZ28uY29udHJpYi5hdXRoLmJhY2tlbmRzLk1vZGVsQmFja2VuZHED\nVQ1fYXV0aF91c2VyX2lkcQSKAQF1Lg==\n','2012-12-26 13:14:42'),('2680069ce027a0e958addef596ca2406','MjQwZmNhNWYzZWRkZjdjMDAxYzU0MjBkMjcxMjE0MmQxYTU2MWIyODqAAn1xAS4=\n','2014-07-18 21:34:12'),('2f384def8450e4bec32977755c14551b','MGUyZDc4ZjRkNzA1MjZjM2NlN2I5NjNkZjY2MWYxYjE3MmEwMjhjYzqAAn1xAShVEl9hdXRoX3Vz\nZXJfYmFja2VuZHECVSlkamFuZ28uY29udHJpYi5hdXRoLmJhY2tlbmRzLk1vZGVsQmFja2VuZHED\nVQ1fYXV0aF91c2VyX2lkcQSKAQN1Lg==\n','2013-01-25 11:48:02'),('2f5271812521e5ae72fe8e06064eee77','MDQ2MGM0M2NjYWMwNDE5OWI2ZGUzNjYwY2NlYjdkNjZmN2ZkNTI5NjqAAn1xAShVEl9hdXRoX3Vz\nZXJfYmFja2VuZHECVSlkamFuZ28uY29udHJpYi5hdXRoLmJhY2tlbmRzLk1vZGVsQmFja2VuZHED\nVQ1fYXV0aF91c2VyX2lkcQSKAQF1Lg==\n','2014-12-24 12:22:00'),('38081c698d538c695ddfebc562b86b1b','NjZkNTFhZTY5MWJkZjgxNTMwNWExN2EwYjAyM2Y2OWI1ZTA2ZTQ3YTqAAn1xAShVEl9hdXRoX3Vz\nZXJfYmFja2VuZHECVSlkamFuZ28uY29udHJpYi5hdXRoLmJhY2tlbmRzLk1vZGVsQmFja2VuZHED\nVQ1fYXV0aF91c2VyX2lkcQSKAQV1Lg==\n','2013-03-10 21:27:54'),('3827f3c6b9ab397b3cee45af39858e7f','YmM1NDhhNjZhNGFlM2NhMjc1MWZjZjM5YWM2OTIwZjE0YjU1N2FiNDqAAn1xAVUKdGVzdGNvb2tp\nZXECVQZ3b3JrZWRxA3Mu\n','2013-01-10 14:23:06'),('385e8e6bce2e37591597cd2477b2d9d3','MDQ2MGM0M2NjYWMwNDE5OWI2ZGUzNjYwY2NlYjdkNjZmN2ZkNTI5NjqAAn1xAShVEl9hdXRoX3Vz\nZXJfYmFja2VuZHECVSlkamFuZ28uY29udHJpYi5hdXRoLmJhY2tlbmRzLk1vZGVsQmFja2VuZHED\nVQ1fYXV0aF91c2VyX2lkcQSKAQF1Lg==\n','2016-01-28 16:01:08'),('3cc4047da1b16910290e365fca9813e1','MDQ2MGM0M2NjYWMwNDE5OWI2ZGUzNjYwY2NlYjdkNjZmN2ZkNTI5NjqAAn1xAShVEl9hdXRoX3Vz\nZXJfYmFja2VuZHECVSlkamFuZ28uY29udHJpYi5hdXRoLmJhY2tlbmRzLk1vZGVsQmFja2VuZHED\nVQ1fYXV0aF91c2VyX2lkcQSKAQF1Lg==\n','2013-05-07 20:20:57'),('4efe5ff7d87df8f1154303e186982d0a','YmM1NDhhNjZhNGFlM2NhMjc1MWZjZjM5YWM2OTIwZjE0YjU1N2FiNDqAAn1xAVUKdGVzdGNvb2tp\nZXECVQZ3b3JrZWRxA3Mu\n','2012-12-28 14:36:14'),('4f771973dd70e1a68413e5edc0024ba2','MDQ2MGM0M2NjYWMwNDE5OWI2ZGUzNjYwY2NlYjdkNjZmN2ZkNTI5NjqAAn1xAShVEl9hdXRoX3Vz\nZXJfYmFja2VuZHECVSlkamFuZ28uY29udHJpYi5hdXRoLmJhY2tlbmRzLk1vZGVsQmFja2VuZHED\nVQ1fYXV0aF91c2VyX2lkcQSKAQF1Lg==\n','2012-12-24 18:43:14'),('521e9c87a02ea560c5928a3b2cbbd6c0','MjQwZmNhNWYzZWRkZjdjMDAxYzU0MjBkMjcxMjE0MmQxYTU2MWIyODqAAn1xAS4=\n','2013-01-01 22:00:56'),('5ac3521595ceb50799b82642f2ae1976','MDQ2MGM0M2NjYWMwNDE5OWI2ZGUzNjYwY2NlYjdkNjZmN2ZkNTI5NjqAAn1xAShVEl9hdXRoX3Vz\nZXJfYmFja2VuZHECVSlkamFuZ28uY29udHJpYi5hdXRoLmJhY2tlbmRzLk1vZGVsQmFja2VuZHED\nVQ1fYXV0aF91c2VyX2lkcQSKAQF1Lg==\n','2014-02-12 15:14:12'),('5de9ed0191fcca64dcdbbdffc3b384e7','MDQ2MGM0M2NjYWMwNDE5OWI2ZGUzNjYwY2NlYjdkNjZmN2ZkNTI5NjqAAn1xAShVEl9hdXRoX3Vz\nZXJfYmFja2VuZHECVSlkamFuZ28uY29udHJpYi5hdXRoLmJhY2tlbmRzLk1vZGVsQmFja2VuZHED\nVQ1fYXV0aF91c2VyX2lkcQSKAQF1Lg==\n','2014-10-30 12:28:03'),('6ab19610f8bff5a3cad6af75f72027e0','MDQ2MGM0M2NjYWMwNDE5OWI2ZGUzNjYwY2NlYjdkNjZmN2ZkNTI5NjqAAn1xAShVEl9hdXRoX3Vz\nZXJfYmFja2VuZHECVSlkamFuZ28uY29udHJpYi5hdXRoLmJhY2tlbmRzLk1vZGVsQmFja2VuZHED\nVQ1fYXV0aF91c2VyX2lkcQSKAQF1Lg==\n','2015-01-09 15:49:53'),('7d3a1fdb12e6179c9032bbf3c19f1b1e','MDQ2MGM0M2NjYWMwNDE5OWI2ZGUzNjYwY2NlYjdkNjZmN2ZkNTI5NjqAAn1xAShVEl9hdXRoX3Vz\nZXJfYmFja2VuZHECVSlkamFuZ28uY29udHJpYi5hdXRoLmJhY2tlbmRzLk1vZGVsQmFja2VuZHED\nVQ1fYXV0aF91c2VyX2lkcQSKAQF1Lg==\n','2014-12-01 07:07:02'),('84142cd1699aca6dd62b2865b7535782','MDQ2MGM0M2NjYWMwNDE5OWI2ZGUzNjYwY2NlYjdkNjZmN2ZkNTI5NjqAAn1xAShVEl9hdXRoX3Vz\nZXJfYmFja2VuZHECVSlkamFuZ28uY29udHJpYi5hdXRoLmJhY2tlbmRzLk1vZGVsQmFja2VuZHED\nVQ1fYXV0aF91c2VyX2lkcQSKAQF1Lg==\n','2014-01-20 21:50:33'),('85afd0583701d3381c8ea11e01f2b2b6','MjQwZmNhNWYzZWRkZjdjMDAxYzU0MjBkMjcxMjE0MmQxYTU2MWIyODqAAn1xAS4=\n','2013-01-27 14:10:52'),('89fa9ea0f64bedecfba9e38b97ce0e3f','MDQ2MGM0M2NjYWMwNDE5OWI2ZGUzNjYwY2NlYjdkNjZmN2ZkNTI5NjqAAn1xAShVEl9hdXRoX3Vz\nZXJfYmFja2VuZHECVSlkamFuZ28uY29udHJpYi5hdXRoLmJhY2tlbmRzLk1vZGVsQmFja2VuZHED\nVQ1fYXV0aF91c2VyX2lkcQSKAQF1Lg==\n','2012-12-19 18:11:28'),('8d7cd2c56ff6a062426479362360746d','YmM1NDhhNjZhNGFlM2NhMjc1MWZjZjM5YWM2OTIwZjE0YjU1N2FiNDqAAn1xAVUKdGVzdGNvb2tp\nZXECVQZ3b3JrZWRxA3Mu\n','2013-02-13 00:21:20'),('95b51db56ac16588730e8f7fa42b4f47','MDQ2MGM0M2NjYWMwNDE5OWI2ZGUzNjYwY2NlYjdkNjZmN2ZkNTI5NjqAAn1xAShVEl9hdXRoX3Vz\nZXJfYmFja2VuZHECVSlkamFuZ28uY29udHJpYi5hdXRoLmJhY2tlbmRzLk1vZGVsQmFja2VuZHED\nVQ1fYXV0aF91c2VyX2lkcQSKAQF1Lg==\n','2013-01-02 16:44:25'),('961bd4b4c7b72bb29b36c2a686c6eca0','MDQ2MGM0M2NjYWMwNDE5OWI2ZGUzNjYwY2NlYjdkNjZmN2ZkNTI5NjqAAn1xAShVEl9hdXRoX3Vz\nZXJfYmFja2VuZHECVSlkamFuZ28uY29udHJpYi5hdXRoLmJhY2tlbmRzLk1vZGVsQmFja2VuZHED\nVQ1fYXV0aF91c2VyX2lkcQSKAQF1Lg==\n','2014-04-05 22:59:21'),('9cf53172e8b14bffe2bf18bb40bfd5a9','MjQwZmNhNWYzZWRkZjdjMDAxYzU0MjBkMjcxMjE0MmQxYTU2MWIyODqAAn1xAS4=\n','2013-09-18 21:32:31'),('a164e3414cfe63098aa0f0ca45cc7d03','MjQwZmNhNWYzZWRkZjdjMDAxYzU0MjBkMjcxMjE0MmQxYTU2MWIyODqAAn1xAS4=\n','2013-09-21 15:55:46'),('b24223b7e6f08f11b94b58306223d522','MDQ2MGM0M2NjYWMwNDE5OWI2ZGUzNjYwY2NlYjdkNjZmN2ZkNTI5NjqAAn1xAShVEl9hdXRoX3Vz\nZXJfYmFja2VuZHECVSlkamFuZ28uY29udHJpYi5hdXRoLmJhY2tlbmRzLk1vZGVsQmFja2VuZHED\nVQ1fYXV0aF91c2VyX2lkcQSKAQF1Lg==\n','2013-04-05 11:53:10'),('b77227b8e2952945632d4b5fadfce33c','MDQ2MGM0M2NjYWMwNDE5OWI2ZGUzNjYwY2NlYjdkNjZmN2ZkNTI5NjqAAn1xAShVEl9hdXRoX3Vz\nZXJfYmFja2VuZHECVSlkamFuZ28uY29udHJpYi5hdXRoLmJhY2tlbmRzLk1vZGVsQmFja2VuZHED\nVQ1fYXV0aF91c2VyX2lkcQSKAQF1Lg==\n','2014-09-22 14:45:21'),('bdf5c14d06bb35e3dac09fd13b84635a','MDQ2MGM0M2NjYWMwNDE5OWI2ZGUzNjYwY2NlYjdkNjZmN2ZkNTI5NjqAAn1xAShVEl9hdXRoX3Vz\nZXJfYmFja2VuZHECVSlkamFuZ28uY29udHJpYi5hdXRoLmJhY2tlbmRzLk1vZGVsQmFja2VuZHED\nVQ1fYXV0aF91c2VyX2lkcQSKAQF1Lg==\n','2014-02-02 16:25:26'),('be0933f963d0ef2d4851f2ead71d2e7b','MDQ2MGM0M2NjYWMwNDE5OWI2ZGUzNjYwY2NlYjdkNjZmN2ZkNTI5NjqAAn1xAShVEl9hdXRoX3Vz\nZXJfYmFja2VuZHECVSlkamFuZ28uY29udHJpYi5hdXRoLmJhY2tlbmRzLk1vZGVsQmFja2VuZHED\nVQ1fYXV0aF91c2VyX2lkcQSKAQF1Lg==\n','2013-10-08 21:53:33'),('c28d1454e9619eca5a4a90227aef5d50','MDQ2MGM0M2NjYWMwNDE5OWI2ZGUzNjYwY2NlYjdkNjZmN2ZkNTI5NjqAAn1xAShVEl9hdXRoX3Vz\nZXJfYmFja2VuZHECVSlkamFuZ28uY29udHJpYi5hdXRoLmJhY2tlbmRzLk1vZGVsQmFja2VuZHED\nVQ1fYXV0aF91c2VyX2lkcQSKAQF1Lg==\n','2013-04-18 19:57:38'),('c9be345f41ea9e3c6fbb363dac744271','MDQ2MGM0M2NjYWMwNDE5OWI2ZGUzNjYwY2NlYjdkNjZmN2ZkNTI5NjqAAn1xAShVEl9hdXRoX3Vz\nZXJfYmFja2VuZHECVSlkamFuZ28uY29udHJpYi5hdXRoLmJhY2tlbmRzLk1vZGVsQmFja2VuZHED\nVQ1fYXV0aF91c2VyX2lkcQSKAQF1Lg==\n','2013-01-15 16:38:07'),('cdb5019490793ea16d4850059b77ee1a','MjQwZmNhNWYzZWRkZjdjMDAxYzU0MjBkMjcxMjE0MmQxYTU2MWIyODqAAn1xAS4=\n','2016-02-12 13:53:41'),('d6b63801e9dd770c94fb449fee4e1dfb','MjQwZmNhNWYzZWRkZjdjMDAxYzU0MjBkMjcxMjE0MmQxYTU2MWIyODqAAn1xAS4=\n','2013-01-04 12:29:42'),('e15c273c57400d5f4816ad96cde754c0','YmM1NDhhNjZhNGFlM2NhMjc1MWZjZjM5YWM2OTIwZjE0YjU1N2FiNDqAAn1xAVUKdGVzdGNvb2tp\nZXECVQZ3b3JrZWRxA3Mu\n','2013-02-18 21:37:27'),('e5454a71484a6566ab69bdf9723d6f43','MDQ2MGM0M2NjYWMwNDE5OWI2ZGUzNjYwY2NlYjdkNjZmN2ZkNTI5NjqAAn1xAShVEl9hdXRoX3Vz\nZXJfYmFja2VuZHECVSlkamFuZ28uY29udHJpYi5hdXRoLmJhY2tlbmRzLk1vZGVsQmFja2VuZHED\nVQ1fYXV0aF91c2VyX2lkcQSKAQF1Lg==\n','2013-11-29 10:30:13'),('edfca745d72c8b1436c70e3bb6acea88','MDQ2MGM0M2NjYWMwNDE5OWI2ZGUzNjYwY2NlYjdkNjZmN2ZkNTI5NjqAAn1xAShVEl9hdXRoX3Vz\nZXJfYmFja2VuZHECVSlkamFuZ28uY29udHJpYi5hdXRoLmJhY2tlbmRzLk1vZGVsQmFja2VuZHED\nVQ1fYXV0aF91c2VyX2lkcQSKAQF1Lg==\n','2013-02-01 13:38:54'),('f021ea1b71ed11c4fafc1464cd683755','YmM1NDhhNjZhNGFlM2NhMjc1MWZjZjM5YWM2OTIwZjE0YjU1N2FiNDqAAn1xAVUKdGVzdGNvb2tp\nZXECVQZ3b3JrZWRxA3Mu\n','2013-03-10 21:23:36'),('f2a7e3a784ad39bb6111c15e38a75c61','MDQ2MGM0M2NjYWMwNDE5OWI2ZGUzNjYwY2NlYjdkNjZmN2ZkNTI5NjqAAn1xAShVEl9hdXRoX3Vz\nZXJfYmFja2VuZHECVSlkamFuZ28uY29udHJpYi5hdXRoLmJhY2tlbmRzLk1vZGVsQmFja2VuZHED\nVQ1fYXV0aF91c2VyX2lkcQSKAQF1Lg==\n','2015-06-15 13:15:35');
/*!40000 ALTER TABLE `django_session` ENABLE KEYS */;
UNLOCK TABLES;

--
-- Table structure for table `django_site`
--

DROP TABLE IF EXISTS `django_site`;
/*!40101 SET @saved_cs_client     = @@character_set_client */;
/*!40101 SET character_set_client = utf8 */;
CREATE TABLE `django_site` (
  `id` int(11) NOT NULL AUTO_INCREMENT,
  `domain` varchar(100) NOT NULL,
  `name` varchar(50) NOT NULL,
  PRIMARY KEY (`id`)
) ENGINE=InnoDB AUTO_INCREMENT=2 DEFAULT CHARSET=utf8;
/*!40101 SET character_set_client = @saved_cs_client */;

--
-- Dumping data for table `django_site`
--

LOCK TABLES `django_site` WRITE;
/*!40000 ALTER TABLE `django_site` DISABLE KEYS */;
INSERT INTO `django_site` VALUES (1,'example.com','example.com');
/*!40000 ALTER TABLE `django_site` ENABLE KEYS */;
UNLOCK TABLES;

--
-- Table structure for table `searchengine_blog`
--

DROP TABLE IF EXISTS `searchengine_blog`;
/*!40101 SET @saved_cs_client     = @@character_set_client */;
/*!40101 SET character_set_client = utf8 */;
CREATE TABLE `searchengine_blog` (
  `id` int(11) NOT NULL AUTO_INCREMENT,
  `url` varchar(200) NOT NULL,
  `element_id` int(11) NOT NULL,
  `image` varchar(100) DEFAULT NULL,
  `url_image` varchar(200) DEFAULT NULL,
  PRIMARY KEY (`id`),
  KEY `searchengine_blog_fe5d4041` (`element_id`),
  CONSTRAINT `element_id_refs_id_387e7b0a` FOREIGN KEY (`element_id`) REFERENCES `searchengine_element` (`id`)
) ENGINE=InnoDB AUTO_INCREMENT=58 DEFAULT CHARSET=utf8;
/*!40101 SET character_set_client = @saved_cs_client */;

--
-- Dumping data for table `searchengine_blog`
--

LOCK TABLES `searchengine_blog` WRITE;
/*!40000 ALTER TABLE `searchengine_blog` DISABLE KEYS */;
INSERT INTO `searchengine_blog` VALUES (1,'http://www.qobuz.com/blogs/andretubeuf/2012/12/03/renee-fleming-a-la-salle-pleyel/',6,'','http://static.qobuz.com/uploads/cms/sf_uploads/2012/08/01/c843227c72d6d266cd7422f190ba4f3e623341af.jpg'),(2,'http://wanderer.blog.lemonde.fr/tag/fleming/',6,'','http://www.galerie-creation.com/mars-2011-le-blog-du-wanderer-blog-lemondefr-xz-1213062.jpg'),(3,'http://blog.parisbroadway.com/2012/07/arabella.html',6,'','http://images2.similargroup.com/image/?url=blog.parisbroadway.com&t=0&s=10&h=8919357058768869134'),(4,'http://jukegh.blogspot.fr/2011/11/hound-dog-taylor-early-sessions.html',7,'','http://1.bp.blogspot.com/-zMJJgZcW_Fk/TjKdytxiqxI/AAAAAAAAABc/nJwXmwO_lvs/s220/GauQc.jpg'),(5,'http://electric-buffalo.blogspot.fr/2008/10/hound-dog-taylor.html',7,'','http://virusdeblues.free.fr/images/hound%20dog%20taylor.gif'),(6,'http://leblogblues.blogspot.fr/2007/08/hound-dog-taylor.html',7,'','http://2.bp.blogspot.com/_5saTwtfSVHw/RtQ_8bziAPI/AAAAAAAAABE/p8jeojkrEZs/s400/hounddogtaylor.jpg'),(7,'http://hop.over-blog.com/article-des-hommes-et-des-dieux-56980822.html',8,'','http://benzine.free.fr/bann011.jpg'),(8,'http://www.zerodeconduite.net/blog/index.php?itemid=18790',8,'','http://www.zerodeconduite.net/inc-v4/img/logo.png'),(9,'http://dasola.canalblog.com/archives/2010/09/11/19033600.html',8,'','http://fdata.over-blog.net/4/92/80/11/header_article_tmpphp5lcZNw.jpg'),(10,'http://blog.slate.fr/projection-publique/2010/09/08/des-hommes-et-des-dieux/',8,'','http://blog.slate.fr/wp-content/themes/slate/images/banner_cinema.jpg'),(11,'http://blogs.lexpress.fr/les-8-plumes/tag/dominique-a/',9,'','http://blogs.lexpress.fr/les-8-plumes/wp-content/blogs.dir/867/files/2011/09/plume1-300x224.jpg'),(12,'http://www.blogotheque.net/2012/09/20/dominique-a-2/',9,'','http://www.obskuremag.net/wp-content/uploads/2011/03/dominique-a-238x238.jpg'),(13,'http://francofolies-blog.fr/WordPress3/?p=7787',9,'','http://www.sourdoreille.net/2012/wp-content/uploads/2013/05/dominique-a.jpg'),(14,'http://passouline.blog.lemonde.fr/2011/02/23/lombre-fraternelle-de-jerome-garcin/',11,'','http://www.ataa.fr/blog/wp-content/uploads/2011/06/pierre_assouline.jpg'),(15,'http://livres-et-cin.over-blog.com/article-les-livres-ont-un-visage-jerome-garcin-66115754.html',11,'','http://img.over-blog.com/236x300/1/39/04/42/Images_2/le-dernier-guerillero.jpg'),(16,'http://rhythmconnection.blogspot.fr/2012/01/hugh-masekela-masekela-1968.html',12,'','http://zar.co.za/images/bio/masekela/masekelah.jpg'),(17,'http://blogs.mondomix.com/blogapat.php/2009/07/06/hugh-masekela-one-of-the-kings',12,'','http://www.theafronews.ca/wp-content/uploads/2011/02/Hugh-Masekela.jpg'),(18,'http://www.paperblog.fr/5912080/jazz-in-sa-hugh-masekela/',12,'','http://www.info97.com/sport-antilles/images/stories/archives/masekela.jpg'),(19,'http://laboitedeguillermo.over-blog.com/article-le-jour-ou-j-ai-rencontre-charles-aznavour-83443053.html',13,'','http://jacques.guilloreau.perso.sfr.fr/couleurs/societe/portraits/images/Aznavour%20Charles,%20chanteur,%20composit.,%20acteur.%205.jpg'),(20,'http://www.blogmorlino.com/index.php/2011/10/01/title_543',13,'','http://api.rue89.nouvelobs.com/sites/news/files/article/thumbnail_full/2013/08/aznavour-narbonne-concert.jpg'),(21,'http://veromel58.canalblog.com/archives/2012/09/24/25173782.html',13,'','http://static.fnac-static.com/multimedia/images_intervenants/Portraits/Grand/8/7/280378.gif'),(22,'http://zoldickun.over-blog.com/article-98757.html',14,'','http://zozodalmas.blog.lemonde.fr/files/2012/09/Man-Ray-%E2%80%94-Louis-Aragon-1925.jpg'),(23,'http://democrite.over-blog.org/article-que-retenir-aujourd-hui-de-louis-aragon-113151781.html',14,'','http://media.paperblog.fr/i/361/3613424/cest-chose-etrange-fin-monde-louis-aragon-L-2.jpeg'),(24,'http://comite-pour-une-nouvelle-resistance.over-blog.com/article-louis-aragon-est-parti-dans-les-etoiles-il-y-a-30-ans-112676778.html',14,'','http://www.gallimard.fr/var/storage/images/contributor_internet/7cb/contributor_70_195x320.jpg'),(25,'http://entre-bretagne-et-roussillon.eklablog.com/la-chanteuse-barbara-a59562719',15,'','http://laregledujeu.org/stabenrath/files/2012/03/barbara2.jpg'),(26,'http://telematinduweb.skynetblogs.be/archive/2008/01/22/exposition-barbara-la-chanteuse-de-minuit.html',15,'','http://www.artistesdefrance.com/wp-content/uploads/2010/02/photo-radio518.jpg'),(27,'http://pays-de-la-loire.france3.fr/2012/07/26/nantes-sur-les-traces-de-barbara-60415.html',15,'','http://3.bp.blogspot.com/-SVLPMANiwPM/UFYZK9EKr5I/AAAAAAAAA7I/nnrHsSUy2Aw/s1600/entretien1barbara.jpg'),(28,'http://www.le-blog-des-senioriales.fr/2011/02/soiree-cabaret-consacree-a-barbara/',15,'',''),(29,'http://agnes-jaoui.over-blog.com/article-7276320.html',15,'',''),(30,'http://leblogdephilopera.blogspot.fr/2012/12/biographie-de-barbara-par-david-lelait.html',15,'',''),(31,'http://a-fleur-de-mots.over-blog.com/article-hommage-a-barbara-24-novembre-1997-24-novembre-2012-112730171.html',15,'',''),(32,'http://www.louispaulfallot.fr/archive/2012/11/23/dis-quand-reviendras-tu.html',15,'',''),(33,'http://livres.rencontres.bardot.barbara.star.over-blog.com/article-hommage-a-barbara-a-la-mairie-de-cadaujac-photos-libor-sir-112058748.html',15,'',''),(34,'http://allemagnehorslesmurs.blogs.rfi.fr/article/2012/01/22/22-janvier-journee-franco-allemande-lhistoire-dun-hymne-goettingen',15,'',''),(35,'http://www.profencampagne.com/article-ina-fr---barbara-112773344.html',15,'',''),(36,'http://www.passion-barbara.net/',15,'',''),(37,'http://www.francisrichard.net/article-fraternite-secrete-de-jacques-chessex-et-jerome-garcin-99395068.html',11,'','http://idata.over-blog.com/2/01/70/59/Francis-3-copie-1.jpg'),(38,'http://www.toledano-nakache.com/',17,'','http://www.lyricis.fr/wp-content/uploads/2011/11/Intouchables_teaser_voisin.jpg'),(39,'http://lacourneuve.blog.lemonde.fr/2011/11/30/a-la-courneuve-derniere-seance-pour-intouchables/',17,'','http://perlbal.hi-pi.com/blog-images/1637482/gd/13350981752/intouchables.jpg'),(40,'http://genevievejurgensen.blog50.com/archive/2011/11/06/formidables-intouchables.html',17,'','http://www.filmosphere.com/wp-content/uploads/2011/09/intouchables-1.jpg'),(41,'http://www.monsieurbashung.com/archive/2012/09/07/quelques-cliches-sur-bashung-and-co-par-pierre-terrasson.html',18,'','http://www.monsieurbashung.com/media/00/02/1836973075.jpg'),(42,'http://lespetitesnotesdepao.blogspot.fr/2012/06/le-site-officiel-de-bashung-ete.html',18,'','http://1.bp.blogspot.com/_CPoxwjcj8tQ/TJ0vTfdyaEI/AAAAAAAAARY/tuOGc-53Z-8/s400/bashung_de_profil_avec_guitare_article_big.jpg'),(43,'http://www.rock-n-blog.fr/article-alain-bashung-l-homme-a-tete-de-chou-2011-90976655.html',18,'','http://ecx.images-amazon.com/images/I/41djC-%2BbnOL._SL500_AA300_.jpg'),(45,'http://www.orgone-design.com/blog/histoire-du-design/naissance-du-modernisme/le-corbusier-architecte/',19,'','http://www.orgone-design.com/blog/wp-content/themes/orgone-v3.0/images/orgone-design-logo.png'),(46,'http://jacquotboileaualain.over-blog.com/article-ronchamp-le-corbusier-en-bleu-et-blanc-115401585.html',19,'','http://idata.over-blog.com/4/41/63/11/Chapelle-hiver/DSCF9555.JPG'),(47,'http://technotendency.over-blog.com/article-culture-le-corbusier-architecte-visionnaire-76914724.html',19,'','http://www.lebonbon.fr/bons-plans/wp-content/uploads/2011/10/Le-Corbusier-Le-Bonbon.jpeg'),(48,'http://www.frenchmomentsblog.com/tag/edith-piaf/',20,'','https://upload.wikimedia.org/wikipedia/commons/thumb/2/2a/%C3%89dith_Piaf_914-6440.jpg/220px-%C3%89dith_Piaf_914-6440.jpg'),(49,'http://ddata.over-blog.com/0/39/80/37/Knol-Edith-Piaf--plus-qu-un-mythe.pdf',20,'','http://upload.wikimedia.org/wikipedia/commons/2/2a/%C3%89dith_Piaf_914-6440.jpg'),(50,'http://www.pauljorion.com/blog/?p=280',20,'','http://static.selectour-afat.com/sites/885/Fiches%20produits%20Automne%20Hiver%202015/Hommage%20a%20Edith%20Piaf/o-EDITH-PIAF-LADY-GAGA-facebook.jpg'),(51,'http://www.leblogtvnews.com/article-28703338.html',21,'','http://upload.wikimedia.org/wikipedia/commons/4/4c/Julie_Gayet_2009.jpg'),(52,'http://fluctuat.premiere.fr/Cinema/News-Videos/Rencontre-avec-Julie-Gayet-productrice-de-Fix-Me-3233582',21,'','http://s-www.dna.fr/images/8DDB1FD5-6CB0-4855-A338-3F39DC346DFC/DNA_03/l-hebdomadaire-evoque-une-romance-presumee-entre-le-chef-de-l-etat-et-l-actrice-julie-gayet-alberto-pizzoli.jpg'),(53,'http://critichall.com/blog/?p=278',21,'','http://orchestresenfete.com/lemag/wp-content/uploads/2011/11/Julie-Gayet-%C2%A9oliviervigerie2011-5.jpg'),(54,'http://stillisstillmoving.com/willienelson/people-magazine-september-1-1980/',23,'','http://stillisstillmoving.com/wp-content/uploads/2006/09/magazine1.jpg'),(55,'http://blogs.loc.gov/loc/2015/07/willie-nelson-to-receive-gershwin-prize/',23,'','http://www.countryoutfitter.com/blog/wp-content/uploads/2013/12/willie11x14bw.jpg'),(56,'http://www.avclub.com/article/willie-nelson-the-great-uniter-9504',23,'','http://blog.aarp.org/wp-content/uploads/2014/06/McClister_WillieNelson_8829-21.jpg'),(57,'http://laculturesepartage.over-blog.com/article-aujourd-hui-l-inde-de-tirthankar-chanda-et-olivier-da-lage-116884754.html',24,'','http://idata.over-blog.com/0/52/78/10/LireDocs/AujourdhuiInde.jpg');
/*!40000 ALTER TABLE `searchengine_blog` ENABLE KEYS */;
UNLOCK TABLES;

--
-- Table structure for table `searchengine_element`
--

DROP TABLE IF EXISTS `searchengine_element`;
/*!40101 SET @saved_cs_client     = @@character_set_client */;
/*!40101 SET character_set_client = utf8 */;
CREATE TABLE `searchengine_element` (
  `id` int(11) NOT NULL AUTO_INCREMENT,
  `sous_rubrique_id` int(11) NOT NULL,
  `nom` varchar(200) NOT NULL,
  PRIMARY KEY (`id`),
  KEY `searchengine_element_ac7f8991` (`sous_rubrique_id`),
  CONSTRAINT `sous_rubrique_id_refs_id_c5dd6b87` FOREIGN KEY (`sous_rubrique_id`) REFERENCES `searchengine_sousrubrique` (`id`)
) ENGINE=InnoDB AUTO_INCREMENT=25 DEFAULT CHARSET=utf8;
/*!40101 SET character_set_client = @saved_cs_client */;

--
-- Dumping data for table `searchengine_element`
--

LOCK TABLES `searchengine_element` WRITE;
/*!40000 ALTER TABLE `searchengine_element` DISABLE KEYS */;
INSERT INTO `searchengine_element` VALUES (1,9,'David Guetta'),(2,2,'David Halliday'),(3,2,'Céline Dion'),(4,9,'Black Eyed Peas'),(5,4,'Mika'),(6,20,'Renée Fleming'),(7,16,'Hound Dog Taylor'),(8,45,'Des hommes et des dieux'),(9,1,'Dominique A'),(10,3,'Michael Jackson'),(11,28,'Jérôme Garcin'),(12,19,'Hugh Masekela'),(13,1,'Charles Aznavour'),(14,26,'Louis Aragon'),(15,1,'Barbara'),(16,18,'Danyèl Waro'),(17,45,'Intouchables'),(18,1,'Alain Bashung'),(19,37,'Le Corbusier'),(20,1,'Edith Piaf'),(21,50,'Julie Gayet'),(22,1,'Marcel Amont'),(23,17,'Willie Nelson'),(24,82,'Olivier Da Lage');
/*!40000 ALTER TABLE `searchengine_element` ENABLE KEYS */;
UNLOCK TABLES;

--
-- Table structure for table `searchengine_lien`
--

DROP TABLE IF EXISTS `searchengine_lien`;
/*!40101 SET @saved_cs_client     = @@character_set_client */;
/*!40101 SET character_set_client = utf8 */;
CREATE TABLE `searchengine_lien` (
  `id` int(11) NOT NULL AUTO_INCREMENT,
  `url` varchar(200) NOT NULL,
  `element_id` int(11) NOT NULL,
  `titre` varchar(80) DEFAULT NULL,
  `description` longtext,
  PRIMARY KEY (`id`),
  KEY `searchengine_lien_fe5d4041` (`element_id`),
  CONSTRAINT `element_id_refs_id_b8fc82ca` FOREIGN KEY (`element_id`) REFERENCES `searchengine_element` (`id`)
) ENGINE=InnoDB AUTO_INCREMENT=138 DEFAULT CHARSET=utf8;
/*!40101 SET character_set_client = @saved_cs_client */;

--
-- Dumping data for table `searchengine_lien`
--

LOCK TABLES `searchengine_lien` WRITE;
/*!40000 ALTER TABLE `searchengine_lien` DISABLE KEYS */;
INSERT INTO `searchengine_lien` VALUES (1,'http://www.reneefleming.com/',6,'Site web officiel','La soprano américaine offre ses actualités sur son site web personnel.'),(2,'http://www.alligator.com/artists/Hound-Dog-Taylor/',7,'La page officielle du bluesman','Le légendaire bluesman de Chicago a été au départ de la plus belle aventure discographique du blues, Alligator Records. '),(3,'http://next.liberation.fr/cinema/0101636311-la-cathedrale-de-beauvois',8,'La crtique du film dans Libération du 19 mai 2010 durant le Festival de Cannes','La première critique du film dans Libération et sous la plume d\'Olivier Seguret, lors de la sélection officielle. '),(4,'http://bibliobs.nouvelobs.com/essais/20110209.OBS7763/des-chanteurs-dans-la-machine-a-cailloux.html',9,'Dominique A écrivain','Comme Albin de la Simone, Bertrand Belin, Mathieu Boogaerts et quelques autres, Dominique A fait partie des chanteurs-écrivains publiés par La Machine à cailloux. \r\n'),(5,'http://next.liberation.fr/musique/01012382210-dominique-a-huit-albums-des-souvenirs-et-des-anecdotes',9,'Dominique A: huit albums, autant d\'histoires','Pour ses vingt ans de carrière, le chanteur ressort ses disques remastérisés enrichis d\'inédits. Et plonge dans sa mémoire pour «Libé».'),(6,'http://www.commentcertainsvivent.com/',9,'Site web officiel sur Dominique A','Dominique A sera prochainement le personnage principal d\'une... BD. Arnaud Le Gouëfflec (déjà croisé chez La Boîte à Ooti) a signé le scénario, et Olivier Balez s\'est chargé du dessin.'),(7,'http://www.lemonde.fr/culture/article/2012/04/10/dominique-a-vers-les-lueurs-de-la-gaite-lyrique_1681978_3246.html',9,'Dominique A vers les lueurs de la Gaîté lyrique','Les chansons du nouvel album de Dominique A, Vers les lueurs - probablement son meilleur en vingt ans de carrière - ont constitué le socle du concert privé qu\'il a donné, mercredi 11 avril à la Gaîté lyrique, à Paris.\r\n'),(8,'http://www.franceculture.fr/emission-dominique-a-2006-04-09.html',9,'Dominique A chez Hélène Hazéra','Dominique A, c\'est évidemment une sensibilité particulière, mais c\'est aussi un chef d\'école, bien qu\'il soit loin de l\'avoir demandé.'),(9,'http://www.lesinrocks.com/2012/01/21/musique/jai-tourne-dans-un-clip-de-dominique-a-113917/',9,'Dominique A sur les Inrocks','J’ai tourné dans un clip de Dominique A.\r\n'),(10,'http://www.rfimusique.com/actu-musique/chanson/album/20120328-dominique',9,'Dominique A et la critique de RFI','Confectionné à Bruxelles, le lumineux nouvel album de Dominique A, Vers les lueurs, propose une pop classieuse aux textes touchants.'),(11,'http://www.letelegramme.com/ig/generales/regions/bretagne/chanson-la-face-b-de-dominique-a-26-06-2012-1751745.php?utm_source=rss_telegramme&utm_medium=rss&utm_campaign=rss&xtor=RSS-52',9,'Dominique A sur le Télégramme de Brest','2012 est une année à marquer d\'une pierreblanche pour DominiqueA. Son dernier album «Vers les lueurs» fait un carton, son bouquin «Yrevenir» a été bien accueilli par la critique.'),(12,'http://www.unidivers.fr/dominique-a-tombees-de-la-nuit-rennes/',9,'Dominique A aux Tombées de la nuit','Si une fois encore les Tombées de la Nuit pourront être nommées, par quelques malveillants, les Tombées de la Pluie, ce ne sera certainement pas à cause de Monsieur A.'),(13,'http://www.philomag.com/les-idees/les-questionnaires-de-socrate/dominique-a-le-faux-sage-1357',9,'Dominique A. Le faux sage','Sans être damné, Dominique Ané (de son vrai nom) a longtemps œuvré à l’écart du grand public, attaché qu’il était à faire bouger les lignes entre chanson d’ici et rock de là-bas.'),(14,'http://www.michaeljackson.com/fr/home',10,'Site web officiel de Michael Jackson','Toutes les informations et les contenus sur la gloire américaine de ces trente dernières années.'),(15,'http://bibliobs.nouvelobs.com/journaliste/14892/jerome-garcin.html',11,'Biblios, la page littéraire du site web du Nouvel Observateur','La tendance de Jérôme Garcin, rédacteur en chef du Nouvel Observateur.'),(16,'http://www.hughmasekela.co.za/',12,'Web site officiel d\'Hugh Masekela ','La maison virtuelle du roi des cuivres sud-africains et ex-époux de la reine de la chanson africaine Miriam Makeba.'),(17,'http://www.afriquinfos.com/articles/2012/11/10/hugh-masekela-selection-musicale-dafriquinfos-212751.asp',12,'La chronique d\'Edem Gadegbeku d\'Afriquinfos','Faisant du jazz et de l’afrobeat, Hugh Ramopolo Masekela, 73 ans est l’une des grandes figures d’attraction de la musique en Afrique du Sud et sur le continent noir depuis plusieurs décennies (56 ans !!!)...'),(18,'http://www.abidjan.net/qui/profil.asp?id=458',12,'La petite bio de Masekela sur Abidjan.net',' Il a joué avec les plus grandes stars de la musique. Il s`initia à la trompette avec le Père Trevor Huddleston, militant anti-apartheid...'),(19,'http://www.charlesaznavour-lesite.fr/L-album',13,'Le site officiel de Charles Aznavour',' Aznavour toujours. Ce n’est pas un titre d’album, c’est un autoportrait. Il y a chez lui quelque chose qui tient du prodige, à la fois pour les altitudes qu’il fréquente et pour sa phénoménale fidélité à son public et à son art...\r\n'),(20,'http://tempsreel.nouvelobs.com/culture/20120408.AFP2776/nouvelle-tournee-nord-americaine-pour-charles-aznavour.html',13,'Nouvel Obs: la tournée américaine d\'Aznavour en 2012','A presque 88 ans, bon pied, bon oeil, celui que les médias anglo-saxons surnomment parfois le Sinatra français se réjouit d\'avance de retrouver le public nord-américain...'),(21,'http://www.letemps.ch/Page/Uuid/ead386b6-d7fe-11e0-bb3b-242652408a2f',13,'Article de Véronique Mortaigne, repris dans Le Temps','Charles Aznavour est devenu un modèle de travail et de réussite, lui qui voulait jeter l’éponge par manque de voix, de physique et de chance…'),(22,'http://next.liberation.fr/culture/01012358730-aznavour-encore',13,'Aznavour dans Libération','De retour à l’Olympia, le chanteur de 87 ans, dans une forme épatante, alterne nouveautés et reprises...'),(23,'http://www.lexpress.to/archives/1247/',13,'Aznavour dans la presse canadienne','Eh bien, si Charles Aznavour a l’intention d’abdiquer, de tourner définitivement le dos à ce métier qui le travaille depuis près de 70 ans, il n’en montre aucun signe sur Colore ma vie (EMI)...'),(24,'http://www.hugues-vassal.com/#!1964---galluis,-france/zoom/c106g/image21ms',13,'Site officiel du photographe Hugues Vassal','Aznavour chez lui à Galluis en 1964, avec son fils Misha...'),(25,'http://www.rfimusique.com/artiste/chanson/charles-aznavour/biographie',13,'Bio de l\'artiste sur le site web de RFI','Ce fils d\'immigrés arméniens est arrivé en haut de l\'affiche à force de volonté. \"Je m\'voyais déjà\" chantait-il en 1960...\r\n'),(26,'http://monsieuraznavour.free.fr/modules.php?ModPath=encapsuleur&ModStart=printenc&eid=15',13,'Piaf et Aznavour','Charles Aznavour raconte Piaf\r\n\"Je vous parle d\'un temps...\" propos recueillis par Amélie De Vriese...\r\n'),(27,'http://www.raoulbreton.fr/',13,'Les éditions Raoul Breton','Charles Aznavour s\'est associé à Gérard Davoust pour reprendre les éditions Raoul Breton, un des plus beau catalogue de chansons françaises au monde...'),(28,'http://www.canalacademie.com/ida6854-Exclusif-Charles-Aznavour-et-Charles-Trenet-deux-amis-deux-geants-de-la-chanson.html',13,'Aznavour sur le Canal Académie','Charles Aznavour raconte Charles Trenet, à l’occasion des 10 ans de la disparition de ce dernier...'),(29,'http://bibliobs.nouvelobs.com/documents/20120611.OBS8183/johnny-brassens-et-ferre-par-louis-aragon.html',14,'Johnny, Brassens et Ferré... par Louis Aragon','Dans un numéro de la «NRF» consacré à la littérature et à la chanson, on trouve un trésor: un entretien inédit de 1963 avec Aragon sur la chanson. Extraits...'),(30,'http://www.jesuismort.com/biographie_celebrite_chercher/biographie-louis_aragon-1294.php',14,'Biographie de Louis ARAGON','Louis Aragon est né le 3 octobre 1897 à Paris. Il y meurt le 24 décembre 1982. Entre ces deux dates, la vie d’un homme, d’un homme hors du commun...'),(31,'http://www.les-lettres-francaises.fr/2010/11/une-plaque-pour-elsa-triolet-et-louis-aragon/',14,'Les Lettres Françaises.fr','Une plaque pour Elsa Triolet et Louis Aragon...\r\n'),(32,'http://www.lexpress.fr/culture/livre/je-me-souviens-d-aragon_822105.html',14,'Je me souviens d\'Aragon par Jérôme Dupuis','C\'est un événement littéraire: la Pléiade publie les oeuvres poétiques complètes d\'Aragon en deux volumes...'),(33,'http://www.gallimard.fr/Contributeurs/Louis-Aragon',14,'Louis Aragon sur le site web des éditions Gallimard','Né à Paris le 3 octobre 1897, Aragon rencontre Breton et Soupault avec qui il fonde la revue Littérature en 1919...'),(34,'http://la-brochure.over-blog.com/article-neruda-et-aragon-112034591.html',14,'Neruda et Aragon','En 1966 les Editions Gallimard publient, Elégie à Pablo Neruda de Louis Aragon. D’entrée le livre donne « l’argument du poème » après les deux vers de Neruda qui n’ont pas besoin de traduction...'),(35,'http://www.la-pleiade.fr/Catalogue/GALLIMARD/Bibliotheque-de-la-Pleiade/OEuvres-romanesques-completes26',14,'Louis Aragon, oeuvres romanesques compètes','Édition sous la direction de Daniel Bougnoux avec la collaboration de Philippe Forest...'),(36,'http://bibliobs.nouvelobs.com/documents/20121128.OBS0750/aragon-l-ecrivain-qui-preferait-staline-a-proust.html?xtor=RSS-15',14,'Aragon, l\'écrivain qui préférait Staline à Proust','Tandis qu\'on célèbre le 30e anniversaire de la mort d\'Aragon, l\'ancien dirigeant du PCF Pierre Juquin consacre une volumineuse biographie à ce «personnage tragique de la tragédie des communistes». Fabrice Pliskin l\'a rencontré...'),(37,'http://www.cndp.fr/poetes-en-resistance/poetes/louis-aragon/strophes-pour-se-souvenir/pistes-pedagogiques.html',14,'Louis Aragon, « Strophes pour se souvenir »','En 1955, à l’occasion de l’inauguration d’une rue « Groupe Manouchian » à Paris, Louis Aragon écrit le poème « Strophes pour se souvenir », dans lequel il rend hommage à ces résistants « étrangers » arrêtés par les Allemands et fusillés le 21 février 1944...'),(38,'http://www.etudes-litteraires.com/aragon-biographie.php',14,'Louis Aragon (1897-1982)','Louis Aragon est né en octobre 1897 à Paris. Il commence des études de médecine et rencontre, en 1917, à l’hôpital du Val-de-Grâce, André Breton...'),(39,'http://www.lehall.com/galerie/barbara/home.html',15,'Barbara sur le site Le Hall','Présentation de la chanteuse sur le site de l\'association dédié à la chanson française...'),(40,'http://www.liberation.fr/culture/2012/11/30/barbara-s-en-fut-un-soir-en-novembre_864275',15,'Hélène Hazéra raconte Barbara','Dans les archives de «Libé», il y a quinze ans. L’auteure et interprète de «l’Aigle noir» s’est éteinte à 67 ans. Entamée sur le tard, son histoire d’amour avec le public ne s’est jamais démentie...'),(41,'http://www.lemonde.fr/culture/article/2012/11/24/la-memoire-vive-de-barbara-continue-d-irriguer-la-jeune-chanson-francaise_1795518_3246.html',15,'L\'influence de Barbara par Le Monde','La mémoire vive de Barbara continue d\'irriguer la jeune chanson française...\r\n'),(42,'http://lesamisdebarbara.free.fr/',15,'Le site des amis de Barbara','Les Amis de BARBARA, association loi 1901, sans but lucratif et reconnue d\'intérêt général...'),(43,'http://www.universalmusic.fr/barbara/biographie',15,'Sur le site d\'Universal Music','La biographie de la chanteuse sur le site de la maison de disque...'),(44,'http://www.telerama.fr/musique/barbara-notre-plus-belle-histoire-d-amour,89759.php',15,'Dossier Barbara sur telerama.fr','On la reprend, on s\'en inspire, on la cite... Quinze ans après sa disparition, plongée dans la galaxie Barbara, alors que Télérama réédite le hors-série qui lui était consacré...'),(45,'http://www.franceinter.fr/emission-barbara-en-noir-et-blanc-l-enfance-de-barbara',15,'L\'enfance de la chanteuse sur France Inter','L\'enfance de Barbara, née Monique Serf. L\'enfance dans le quartier des Batignolles. Une petite fille qui rêve de piano et de chansons. Les années de fuite durant la guerre...'),(46,'http://www.lexpress.fr/culture/musique/treize-chansons-de-barbara_1190672.html',15,'Les 15 ans de la disparition de Barbara sur l\'Express','Quinze ans après le décès de la Dame en noir, Daphné sort un bel album de reprises...'),(47,'http://www.rfimusique.com/artiste/chanson/barbara/biographie',15,'Barbara sur le site de RFI','Lorsque fin 1997, disparaît Barbara (elle disait détester le mois de novembre), on sent bien que c\'est toute une période de la chanson française qui s\'achève...\r\n'),(48,'http://lesamisdebarbara.free.fr/echosbulletins/echobullautomne19.html',15,'Les amis de Barbara','La lettre des amis de Barbara nous informe...'),(49,'http://bibliobs.nouvelobs.com/les-ecrivains-de-l-obs/20120210.OBS1075/la-correspondance-chessex-garcin.html',11,'La correspondance Chessex-Garcin','Pendant trente-cinq années, de 1975 à 2009, Jérôme Garcin et Jacques Chessex ont été amis. Trois ans après la mort de l\'auteur de \"l\'Ogre\" paraît leur correspondance, sous le titre de \"Fraternité secrète\" (Grasset)...'),(50,'http://www.lejdd.fr/Chroniques/Bernard-Pivot/Une-amitie-improbable-et-vraie-par-Bernard-Pivot-479206',11,'La chronique livres de Bernard Pivot','Deux lettres ont changé la vie de Jérôme Garcin. L’une et l’autre lui ont été dictées par la lecture de livres...\r\n'),(51,'http://www.lexpress.fr/culture/livre/olivier_965433.html',11,'Jérôme Garcin avait un frère','L\'absence d\'Olivier, son jumeau, mort avant ses 6 ans, emplit la vie de Jérôme Garcin. Qui signe ici un livre étincelant...'),(52,'http://www.dailyneuvieme.com/Le-jardin-discret-de-Jerome-Garcin_a1373.html',11,'Le jardin discret de Jérôme Garcin','...\"J\'ai le sentiment de vivre dans deux mondes contradictoires. Et l\'équilibre se situe à la frontière de ces deux activités, le journalisme et l\'écriture.\"...'),(53,'http://www.fondation-apsommer.org/fr/mediation-animale-jerome-garcin,78.html',11,'Jérôme Garcin et le cheval','Depuis la nuit des temps, pour le meilleur et pour le pire, le cheval a été l’indéfectible allié de l’homme...'),(54,'http://www.fabriquedesens.net/Litterature-et-medecine-un',11,'Littérature et médecine : un entretien avec Jérôme Garcin','« Avec ou sans rendez-vous », « Littérature et médecine : un entretien avec Jérôme Garcin », émission de France Culture du 29 décembre 2009, transcription réalisée par Maryse Legrand, psychologue clinicienne...'),(55,'http://monroman.skynetblogs.be/archive/2012/12/24/c-etait-tous-les-jours-tempete-jerome-garcin.html',11,'C\'était tous les jours tempête - Jérôme Garcin','Dès la parution de son premier roman en 1994, d\'aucuns pointaient déjà les conflits d\'intérêts entre son métier de critique littéraire, d\'animateur producteur de l\'émission de radio la plus prescriptrice en matière littéraire, et celui d\'écrivain...'),(56,'http://www.gallimard.fr/catalog/entretiens/01057243.HTM',11,'Jérôme Garcin sur le site de Gallimard','Rencontre avec Jérôme Garcin, à l\'occasion de la parution de Cavalier seul (2006)...'),(57,'http://www.bibliotheque-sonore-caen.fr/2012/09/les-automnales-normandes-rencontre-avec-jerome-garcin/1823',11,'Les automnales normandes : rencontre avec Jérôme Garcin','En octobre 2012, la Bibliothèque de Caen inaugure un festival, Les Automnales normandes, qui chaque année prendra pour thème l’œuvre d’une personnalité littéraire liée à la Normandie...'),(58,'http://www.la-croix.com/Culture/Actualite/Des-hommes-et-des-dieux-la-fraternite-a-l-etat-pur-_NG_-2011-02-26-578006',8,'« Des hommes et des dieux », la fraternité à l\'état pur','César du meilleur film français, Grand prix du jury au Festival de Cannes, cette évocation de la vie et de l\'engagement des moines de Tibhirine est un grand moment de cinéma.'),(59,'http://editionslevistemboir.com/editions/spip.php?article14',8,'Journal d’un tournage - DES HOMMES ET DES DIEUX - Jean-Marie Frin','Ce journal, écrit pendant le tournage du film de Xavier Beauvois \" Des hommes et des dieux \" (l’assassinat des moines du monastère de Tibhirine en Algérie), permet une approche rare du métier d’acteur.'),(60,'http://television.telerama.fr/tele/films/des-hommes-et-des-dieux,16136322.php',8,'La critique de Télérama','Dans les années 90, des moines cisterciens vivent dans un prieuré d\'un village isolé au milieu des montagnes algériennes.'),(61,'http://www.lemonde.fr/festival-de-cannes/article/2010/05/19/des-hommes-et-des-dieux-la-montee-vers-le-martyre-des-moines-de-tibehirine_1353761_766360.html',8,'La montée vers le martyre des moines de Tibéhirine seln Le Monde','Le 26 mars 1996, durant le conflit qui oppose l\'Etat algérien à la guérilla islamiste, sept moines français installés dans le monastère de Tibéhirine, dans les montagnes de l\'Atlas, sont enlevés par un groupe armé.'),(62,'http://www.paroisse-croixdevalchevriere-cathisere.cef.fr/site/Des-hommes-et-des-dieux.html',8,'Le film Des hommes et des dieux a un immense retentissement','Vous pouvez relire ici le texte du Testament de Dom Christian de Chergé, ou le télécharger pour l’imprimer.'),(63,'http://www.lepoint.fr/culture/des-hommes-et-des-dieux-de-la-grace-et-des-larmes-02-09-2010-1231576_3.php',8,'\"Des hommes et des dieux\", de la grâce et des larmes','Sans la tragédie des moines assassinés à Tibéhirine en mai 1996, jamais, bien sûr, le cinéma ne se serait intéressé à ces religieux.'),(64,'http://www.lesinrocks.com/cinema/films-a-l-affiche/des-hommes-et-des-dieux-le-film-de-la-grace/',8,'Des hommes et des dieux, le film de la grâce','Autour de l’assassinat encore non élucidés des moines de Tibhirine, Xavier Beauvois crée une fresque métaphysique lente et inspirée.'),(65,'http://www.rue89.com/la-bande-du-cine/2010/09/08/des-hommes-et-des-dieux-du-bure-genie-165783',8,'« Des hommes et des dieux » : du bure génie ?','Les films consacrés à des événements qui sont dans toutes les mémoires sont toujours délicats.'),(66,'http://www.lexpress.fr/culture/cinema/michael-lonsdale-je-suis-plus-heureux-aujourd-hui-que-jamais_976166.html',8,'Michael Lonsdale \"Je suis plus heureux aujourd\'hui que jamais\"','L\'acteur chrétien explique sa proximité avec le vrai Luc, ce moine médecin de la communauté Tibéhirine, qu\'il interprète dans Des hommes et des dieux.'),(67,'http://www.dominicain.net/des-hommes-et-des-dieux.php',8,'Point de vue des Dominicains','Dans la nuit du 26 au 27 mars 1996, les moines cisterciens de Tibhirine dans l’Atlas algérien, sont kidnappés et tués.'),(68,'http://www.lefigaro.fr/cinema/2012/09/10/03002-20120910ARTFIG00434--intouchables-film-francais-le-plus-vu-dans-le-monde.php',17,'Intouchables, film français le plus vu dans le monde','Avec 23,1 millions d\'entrées, la comédie vient de battre le record, détenu jusqu\'à présent par Le Fabuleux Destin d\'Amélie Poulain, du long-métrage français le plus regardé à l\'étranger...\r\n'),(69,'http://television.telerama.fr/tele/films/intouchables,29464803.php',17,'La critique TV de Télérama du 15/12/2012','Après leur triomphe, est-il encore besoin de présenter ces Intouchables ? L\'un est blanc, l\'autre noir. L\'un ­habite un hôtel particulier à Paris, l\'autre n\'a plus droit de cité dans son HLM de banlieue. Ils se rencontrent et deviennent de formidables copains...'),(70,'http://www.lemonde.fr/culture/article/2012/09/09/intouchables-devient-le-film-francais-le-plus-vu-au-monde_1757700_3246.html',17,'\"Intouchables\" devient le film français le plus vu au monde','Intouchables vient de battre le record détenu par Amélie Poulain du film français le plus vu à l\'étranger, passant le seuil des 23,1 millions d\'entrées dans les salles obscures à travers le monde, selon UniFrance, l\'organisme chargé de promouvoir l\'exportation du cinéma français...'),(71,'http://www.lemonde.fr/cinema/article/2011/11/01/intouchables-derriere-la-comedie-populaire-une-metaphore-sociale-genereuse_1596827_3476.html',17,'\"Intouchables\" : derrière la comédie populaire, une métaphore sociale généreuse','A en croire les échos, un gros buzz entoure la sortie nationale d\'Intouchables, quatrième long métrage d\'Olivier Nakache et Eric Toledano...'),(72,'http://www.lesinrocks.com/cinema/films-a-l-affiche/intouchables-une-fable-relou-et-demagogique/',17,'“Intouchables”, une fable relou et démagogique','Intouchable s’apparente à un croisement inattendu de Joséphine ange gardien et du Service après-vente...'),(73,'http://www.lexpress.fr/culture/cinema/intouchables-la-critique_1046777.html',17,'Comme dans un fauteuil','Tolédano et Nakache font du cinéma à l\'humour assumé. Ca fait plaisir...\r\n'),(74,'http://www.lexpress.fr/culture/cinema/qui-a-envoye-intouchables-aux-oscars_1163372.html',17,'Qui a envoyé Intouchables aux Oscars?','L\'annonce de la sélection d\'Intouchables comme représentant de la France pour les Oscars 2013 a surpris tout le monde...'),(75,'http://culturevisuelle.org/luciddreams/archives/293',17,'Bienvenue chez les Intouchables… notes sur la prosécogénie d’un film…','Salles combles une heure avant la séance, rires francs, unanimes et généreux pendant la projection, émotion et silence recueilli à la fin, quand Driss s’éloigne, et applaudissements aux images des modèles réels qui ont inspiré le film mais aussi et surtout au moment où les noms des comédiens apparaissent au générique...'),(76,'http://www.lemonde.fr/culture/article/2012/03/03/intouchables-touchera-t-il-les-americains_1651450_3246.html',17,'\"Intouchables\" touchera-t-il les Américains ?','Des rires et des applaudissements ont accueilli la première américaine d\'Intouchables, jeudi 1er mars, à New York, en ouverture de l\'annuel Rendez-Vous With French Cinema, au Lincoln Center...'),(77,'http://www.enquete-debat.fr/archives/intouchables-symbole-de-la-france-handicapee-et-assistee-31092',17,'Intouchables : symbole de la France handicapée et assistée','Nul ne peut échapper au tsunami émotionnel qui submerge la France depuis 1 mois (11 millions d’entrées à ce jour), vous aurez deviné qu’il s’agit du film Intouchables dont nous allons parler...'),(78,'http://archives-lepost.huffingtonpost.fr/article/2011/11/06/2631674_intouchables-combien-les-journalistes-ont-ils-touche-pour-dire-autant-de-bien-de-ce-film.html',17,'Intouchables : mais pourquoi tous les médias aiment ce film ?','Sans doute comme des dizaines de milliers de Français, je suis allé voir ce week-end le film Intouchables d\'Eric Toledano et Olivier Nakache...'),(79,'http://www.alainbashung.fr/',18,'L\'homme à la tête de chou','Site officiel du chanteur produit par Universal Music. '),(80,'http://www.bashung.fr/',18,'Alain Bashung par les fans','Site non officiel consacré au chanteur mais très complet et avec de multiples rubriques... '),(81,'http://www.telerama.fr/musique/plus-rien-ne-s-oppose-a-la-nuit,40931.php',18,'L\'hommage de Télérama','On a déjà longuement évoqué le parcours d’Alain Bashung sur ce site. Aujourd’hui, c’est “Télérama” version papier qui prend le relais...'),(82,'http://www.liberation.fr/mort-bashung,99779',18,'Sommaire d\'articles dans Libération','Recueillement et applaudissements lors de l’ultime hommage au musicien, désormais résident du Père-Lachaise...'),(83,'http://www.lefigaro.fr/musique/2008/06/13/03006-20080613ARTFIG00323-le-miracle-alain-bashung.php',18,'Le miracle Alain Bashung','À l\'Olympia et en tournée (2008). Il y a un miracle Alain Bashung, un miracle qui met le rock le plus dru aux couleurs de la poésie française la plus exigeante...\r\n'),(84,'http://www.lesinrocks.com/2009/09/16/musique/bashung-les-secrets-dune-vie-1137407/',18,'Bashung : les secrets d’une vie','La vie inouïe d’Alain Bashung racontée dans une biographie pudique mais sans langue de bois...'),(85,'http://www.lemonde.fr/culture/video/2012/06/21/un-square-alain-bashung-inaugure-a-paris_1722758_3246.html',18,'Un square au nom d\'Alain Bashung','Décédé le 14 mars 2009, le chanteur, qui habitait l\'arrondissement, près de la Goutte-d\'Or, était très impliqué dans la vie des associations locales...'),(86,'http://www.lemonde.fr/culture/article/2009/03/01/bashung-triomphe-aux-victoires-de-la-musique_1161852_3246.html',18,'Bashung triomphe aux Victoires de la musique','Les 24e Victoires de la musique ont été un triomphe pour Alain Bashung, qui est devenu, samedi 28 février, l\'artiste le plus primé de l\'histoire de la cérémonie en remportant trois trophées dont celui de l\'interprète masculin de l\'année...'),(87,'http://www.arte.tv/fr/alain-bashung-faisons-envie/3836466,CmC=3836468.html',18,'Alain Bashung, faisons envie','Une évocation inspirée du chanteur de \"La nuit je mens\", à travers les voix de l\'album hommage Tels : Christophe, Vanessa Paradis, -M-, Gaëtan Roussel, les BB Brunes...\r\n'),(88,'http://www.lemondedephilippe.com/article-29048686.html',18,'Bashung selon un fan','Ce matin « Bleu pétrole », c’était la gueule de bois...'),(89,'http://www.telerama.fr/scenes/hermes-le-corbusier-et-le-luxe-veritable,87412.php',19,'Hermes selon Le Corbusier','Deux planches en noir et blanc extraites du livre L’Art décoratif d’aujourd’hui, écrit par l’architecte Le Corbusier en 1925...'),(90,'http://www.fondationlecorbusier.fr/corbuweb/morpheus.aspx?sysName=home&sysLanguage=fr-fr&sysInfos=1',19,'Fondation Le Corbusier','Conformément à ses statuts et à ses missions consacre l’ensemble de ses moyens à la conservation, à la connaissance et à la diffusion de l’œuvre de Le Corbusier...'),(91,'http://www.amis-de-le-corbusier.fr/amis-de-le-corbusier',19,'Les amis de Le Corbusier','Portail de l\'association et des différents sites bâtis par Le Corbusier, le site des Amis de Le Corbusier...\r\n\r\n\r\n'),(92,'http://www.letemps.ch/Page/Uuid/32629646-05c3-11e2-831a-14992fc03de0/Le_Corbusier_une_ma%C3%AEtrise_du_monde',19,'Article dans Le Temps','Le Corbusier, une maîtrise du monde...\r\n'),(93,'http://tempsreel.nouvelobs.com/societe/20121012.AFP1887/la-cite-radieuse-de-le-corbusier-60-ans-et-une-aventure-qui-seduit-toujours.html',19,'La Cité radieuse de Le Corbusier, 60 ans et une aventure qui séduit toujours',' A 60 ans, la Cité radieuse de Le Corbusier, à Marseille, garde de fervents adeptes...'),(94,'http://www.lemonde.fr/culture/article/2008/06/25/la-messe-n-est-pas-dite-sur-le-projet-ronchamp_1062640_3246.html',19,'Le Monde, d\'après Frédéric Edelmann','La messe n\'est pas dite sur le projet Ronchamp...\r\n'),(95,'http://www.lexpress.fr/vacances-ete/de-firminy-a-eveux-partez-sur-les-traces-de-l-architecte-le-corbusier-en-rhone-alpes_1130967.html',19,'Dans les pas de... Le Corbusier','De Firminy, dans la Loire, à Eveux, dans le Rhône, Le Corbusier s\'improvise greeter et vous convie à une balade architecturale au coeur du patrimoine du XXe siècle...'),(96,'http://www.liberation.fr/sciences/0101560659-le-grand-pari-de-le-corbusier',19,'Le grand pari de Le Corbusier','Rétrovision. En 1925, l’architecte propose un réaménagement radical de la capitale autour de la voiture...\r\n'),(97,'http://www.editionsimbernon.com/librairie/35/cite-radieuse.html',19,'Librairie spécialisée de la Cité Radieuse','L\'installation dans le \"Jardin d\'hiver\" d\'un nouveau commerce, avec la création de la librairie en 2002, a surpris mais a surtout bénéficié d\'un vrai plébicite de la part des nombreux visiteurs...'),(98,'http://www.laprovence.com/article/actualites/2200450/marseille-le-corbusier-renait-doucement-de-ses-cendres.html',19,'Marseille : Le Corbusier renaît doucement de ses cendres','Un an après, la Cité Radieuse ne s\'est pas complètement remise de l\'incendie...'),(99,'http://www.lefigaro.fr/livres/2013/05/16/03005-20130516ARTFIG00630--table-avec-la-mome-piaf-et-le-fou-chantant.php',20,'La rencontre Piaf/Trenet selon Le Figaro','Dans Piaf trenet, le dîner extraordinaire, Jacques Pessis offre un exercice littéraire savoureux qui met en scène deux monstres sacrés de la chanson...'),(100,'http://www.lehall.com/galerie/piaf/piaf.html',20,'Les Conquêtes de Piaf - Le Hall de la chanson','La chanteuse en version interactive selon l\'association Le Hall de la Chanson...'),(101,'http://www.durand-salabert-eschig.com/formcat/varietes/PIAF1993.pdf',20,'Piaf selon l\'éditeur Durand-Salabert','Le fameux éditeur graphique Durand-Salabert a publié un document bien illustré sur la chanteuse de Paname... '),(102,'http://www.franceculture.fr/oeuvre-edith-piaf-la-voix-le-geste-l%E2%80%99icone-esquisse-anthropologique-de-joelle-deniot',20,'Edith Piaf selon France Culture','Il ne s’agit pas ici d’une biographie de la chanteuse comme il en existe des dizaines, mais plutôt d’une lecture tout à fait inédite...'),(103,'http://www.france-amerique.com/articles/2010/12/01/raquel_bitton_chante_edith_piaf.html',20,'Edith Piaf et les Américains','« Les Américains n\'ont jamais oublié Piaf », selon la chanteuse de jazz Raquel Bitton...'),(104,'http://www.rfimusique.com/artiste/chanson/edith-piaf/biographie',20,'La biographie d\'Edith Piaf sur RFI','On lui en voudrait presque, au Moineau d\'avoir été si grande (avec son mètre quarante-sept) que les autres, derrière, paraissent tout petit. D\'avoir si pleinement, si fortement personnalisé la chanson française...'),(105,'http://www.tv5.org/cms/chaine-francophone/Musique/p-14237-Edith-Piaf.htm?artiste=357',20,'Edith Piaf sur TV5 Monde','Selon la légende, Edith Gassion, alias Edith Piaf, voit le jour sous un lampadaire de la rue de Belleville à Paris le 15 décembre 1915...'),(106,'http://www.patriciakaas.net/kaaschantepiaf/biographie__edith_piaf__fr__.html',20,'Patricia Kaas raconte Piaf','Nous célébrons en 2013 les cinquante ans de sa disparition...'),(107,'http://www.marcelcerdan.com/4.aspx?CategID=51a4cceb-5712-43a2-a7b8-f6bea57c8ba0&sr=0',20,'Edith Piaf et Marcel Cerdan','La chanteuse sur le site web officiel du champion de boxe...'),(108,'http://www.edithpiaf.com/biography.php',20,'Edith Piaf en anglais','Edith Piaf (December 19, 1915 - October 11, 1963) was one of France\'s most beloved singers, with much success shortly before and during World War...'),(109,'http://bluesagain.com/p_portraits/hound%20dog%20taylor%20par%20bruce%20iglauer%20part%201.html',7,'Le producteur raconte son artiste','Bruce Iglauer, le découvreur de Hound Dog Taylor, raconte sa rencontre avec le blusman et la genèse du label Alligator Records. '),(110,'http://virusdeblues.free.fr/n3_Hound_Dog_Taylor.htm',7,'Hound Dog Taylor par lui-même','C\'est rare de trouver des traductions de l\'anglais, du parcours d\'un artiste qui est parti trop tôt.  '),(111,'http://www.liberation.fr/portrait/2004/06/29/la-vie-hors-champ_484641',21,'Portrait dans Libération','En 2004, la comédienne a eu son premier grand portrait dans la presse écrite. Sous la plume du journaliste Luc Le Vaillant, l\'article a pour titre: La vie hors-champ.'),(112,'http://www.lemonde.fr/cinema/article/2011/09/06/carre-blanc-le-cauchemar-neo-liberal-a-venir_1568005_3476.html',21,'Julie Gayet dans Carré blanc de Jean-Baptiste Léonetti et avec Sami Bouadjila','Une critique sociale contenue dans cette allégorie futuriste, qu\'on ne peut éviter de percevoir comme une charge contre la dérive néo-libérale actuelle.'),(113,'http://www.telerama.fr/cinema/elle-a-ose,62533.php',21,'Julie Gayet productrice','Par défi, l\'actrice s\'engage aussi comme productrice.'),(114,'http://petitsecrans.imca.fr/2010/02/02/clandestin_fiction_de_france_2/',21,'Julie Gayet à la Télévision','L\'actrice joue dans \"Clandestin\", un film consacré à la réalité des clandestins.'),(115,'http://www.terrafemina.com/culture/cine/articles/22037-on-a-vu-after-avec-julie-gayet-et-raphael-personnaz-pour-les-amoureux-de-lamour.html',21,'After, un tournant pour l\'actrice','Chez Terrafemina on a regardé le film avec Julie Gayet et Raphaël Personnaz.\r\n'),(116,'http://www.pinkfrenetik.com/2013/01/29/after-de-geraldine-maillet-avec-julie-gayet-et-raphael-personnaz/#.UuPpvMvLTIU',21,'Julie Gayet et la critique amateur','Pinkfrenetik est un site web personnel avec un avis sensible sur l\'actrice.'),(117,'http://www.lalibre.be/culture/cinema/julie-gayet-l-amant-et-le-mort-52e886303570e5b8eee996e5',21,'Julie Gayet, l\'amant et le mort','\"Les âmes du papier\", Vincent Lannoo signe un conte drôle et sensible sur le deuil, la vie et la mort. '),(118,'http://www.fascineshion.com/fr/cinema/julie-gayet/49/',21,'La première fois que j’ai rencontré Julie','Géraldine Maillet raconte sa rencontre avec Julie Gayet...'),(119,'http://www.novaplanet.com/radionova/bientot-nova-club-du-vendredi-aux-platines-julie-gayet-guizmo',21,'Aux platines avec Julie Gayet','David Blot vous donne rendez-vous dans son bar favori pour présenter Julie Gayet...'),(120,'http://www.cinemotions.com/Julie-Gayet-nm23712',21,'Bio et filmographie de Julie Gayet','La vie et les films de Julie Gayet'),(121,'http://www.marcelamont.com/page/Accueil.html',22,'Le site officiel de Marcel Amont','Le crooner du Sud-Ouest tient un web site où il annonce régulièrement son actualité.'),(122,'http://www.lefigaro.fr/livres/2009/12/03/03005-20091203ARTFIG00459-boulevard-du-temps-qui-passe-.php',22,'Critique livre dans Le Figaro ','Le livre de l\'artiste, «Sur le boulevard du temps qui passe» est défendu dans le quotidien.'),(123,'http://www.olympiahall.com/artiste/marcel-amont.html',22,'L\'Olympia reçoit Marcel Amont','Le music hall le plus célèbre de Paris ouvre son site web au chanteur Gascon.'),(124,'http://www.lexpress.fr/informations/du-blues-et-rien-d-autre_617778.html',7,'L\'express cite Hound Dog Taylor','Pascal Dupont survol les apports musicaux du blues'),(125,'http://le-club-des-mangeurs-de-disques.blogspot.fr/2011/04/hound-dog-taylor-house-rockers-beware.html',7,'Un fan raconte sa découverte de Hound Dog','Tout les garçons et les filles qui ont découvert l\'album Beware of the Dog au milieu des années 70, ont d\'immenses souvenirs.'),(126,'http://www.nytimes.com/2014/09/21/opinion/sunday/willie-nelson-feels-maureen-dowd-s-pain.html?_r=0',23,'Willie Nelson Feels Maureen Dowd’s Pain',' WHEN Willie Nelson invites you to get high with him on his bus, you go.\r\nThe man is the patron saint of pot, after all, and I’m the poster girl for bad pot trips.\r\nIt seemed like a match made in hash heaven...'),(127,'http://www.billboard.com/articles/columns/chart-beat/6598001/country-legends-willie-nelson-and-merle-haggard-team-for-no-1',23,'Country Legends Willie Nelson and Merle Haggard','Two country legends arrive in the top 10 of the Billboard 200 chart (dated June 20) as Willie Nelson and Merle Haggard debut at No. 7 with their new collaborative album Django and Jimmie...'),(128,'http://www.courthousenews.com/2015/07/23/movie-producer-says-willie-nelson-owes-him.htm',23,'A movie producer','A movie producer claims in court that Willie Nelson conspired with another producer to push him out of a business he co-founded and that they owe him hundreds of thousands of dollars...'),(129,'https://www.bostonglobe.com/arts/music/2015/08/23/willie/HnL8FMigTC7y37COLRdjUN/story.html',23,'Town or country, Willie Nelson delivers','The Friday before last, Toby Keith performed the seismic 2003 hit “Beer for My Horses” before nearly 20,000 rowdy fans in exurban Mansfield, projecting a video clip of Willie Nelson perfectly singing his portion of the duet...'),(130,'http://www.rollingstone.com/music/news/hear-kinky-friedman-and-willie-nelsons-stoned-bloody-mary-morning-20150814',23,'Hear Kinky Friedman and Willie Nelson\'s Stoned \'Bloody Mary Morning\'','\"I don\'t smoke pot, but I will with Willie,\" says the outrageous Texas Renaissance man, who is releasing his first new album in 40 years...'),(131,'http://www.villagevoice.com/music/willie-nelsons-celebrate-brooklyn-show-was-a-hillbilly-dream-come-true-7498629',23,'Willie Nelson\'s Celebrate Brooklyn! Show Was a \'Hillbilly Dream Come True\'','Though his touring life as one of country music’s most celebrated icons has taken him all over the world, Willie Nelson’s heart is still in Texas...'),(132,'https://www.washingtonpost.com/opinions/octogenarian-pot-smoking-music-legend/2015/06/11/4c903bfa-0551-11e5-a428-c984eb077d4e_story.html',23,'Willie Nelson chronicles the long saga of his noncomformist life in music','In 2012 the city of Austin erected an eight-foot-tall bronze statue of Willie Nelson in the heart of the business district . Schoolchildren, churchgoers, tourists, slackers, conventioneers, tech geeks — everybody, it seems — now congregate around this ponytailed shrine to outlaw country...'),(133,'http://www.ocregister.com/articles/nelson-672479-little-krauss.html',23,'A little thunderstorm doesn\'t stop Willie Nelson at the Greek','The skies darkened, thunder rattled the windows and the dense black clouds lit up with bolts of lightning as heavy rain splattered my windshield while I drove to the Greek Theatre on Saturday night to catch country music legend Willie Nelson and Family perform with Grammy award-winning bluegrass band Alison Krauss & Union Station...'),(134,'http://www.pbs.org/newshour/rundown/country-music-legend-willie-nelson-named-next-recepient-of-gershwin-prize/',23,'Country music legend Willie Nelson named next recipient of Gershwin Prize','Willie Nelson is the first country music star to receive the Gershwin Prize for Popular Song, the Library of Congress announced Thursday, calling the red-headed stranger a “musical explorer.”...'),(135,'http://willienelson.com/story/an-evening-with-farm-aid-in-texas-october-8-2015/',23,'An Evening with Farm Aid – In Texas October 8, 2015','AN EVENING WITH FARM AID\r\nproudly presents\r\nFARM DINNER\r\nby Patina Green\r\nLive Music\r\nSecret Sisters & Jamestown Revival\r\nOctober 8, 2015 7pm at the Rustic Grace Estate\r\n13299 FM 121, Van Alstyne, Texas\r\n'),(136,'http://www.persee.fr/web/revues/home/prescript/article/polit_0032-342x_1985_num_50_2_3477_t1_0523_0000_4',24,' Olivier Da Lage et Gérard Grzybek. Le jeu des six familles : le Golfe ','La région du golfe arabo-persique est bien l\'une des plus importantes de la planete. Elle concentre en effet un ensemble de données économiques, stratégiques, religieuses et humaines...'),(137,'https://www.monde-diplomatique.fr/1987/01/GRESH/39722',24,'Jeux de go en Méditerranée orientale','Analyser en un seul ouvrage l’affrontement américano-soviétique en Méditerranée, le conflit gréco-turc, les menaces qui pèsent sur les Balkans, la question chypriote, la poussée islamiste et le rôle des divers protagonistes, petits ou grands, qui contribuent à façonner la région, relevait de la gageure...');
/*!40000 ALTER TABLE `searchengine_lien` ENABLE KEYS */;
UNLOCK TABLES;

--
-- Table structure for table `searchengine_rubrique`
--

DROP TABLE IF EXISTS `searchengine_rubrique`;
/*!40101 SET @saved_cs_client     = @@character_set_client */;
/*!40101 SET character_set_client = utf8 */;
CREATE TABLE `searchengine_rubrique` (
  `id` int(11) NOT NULL AUTO_INCREMENT,
  `nom` varchar(40) NOT NULL,
  `position` varchar(1) NOT NULL,
  `priorite` int(11) NOT NULL,
  PRIMARY KEY (`id`),
  UNIQUE KEY `nom` (`nom`),
  UNIQUE KEY `position` (`position`,`priorite`)
) ENGINE=InnoDB AUTO_INCREMENT=11 DEFAULT CHARSET=utf8;
/*!40101 SET character_set_client = @saved_cs_client */;

--
-- Dumping data for table `searchengine_rubrique`
--

LOCK TABLES `searchengine_rubrique` WRITE;
/*!40000 ALTER TABLE `searchengine_rubrique` DISABLE KEYS */;
INSERT INTO `searchengine_rubrique` VALUES (1,'Web','1',1),(2,'Musique','1',2),(3,'Cinéma','1',3),(4,'Livres','1',4),(5,'Arts','1',5),(6,'Théâtre','2',1),(9,'Audiovisuel','2',2),(10,'Multimédia','2',3);
/*!40000 ALTER TABLE `searchengine_rubrique` ENABLE KEYS */;
UNLOCK TABLES;

--
-- Table structure for table `searchengine_sousrubrique`
--

DROP TABLE IF EXISTS `searchengine_sousrubrique`;
/*!40101 SET @saved_cs_client     = @@character_set_client */;
/*!40101 SET character_set_client = utf8 */;
CREATE TABLE `searchengine_sousrubrique` (
  `id` int(11) NOT NULL AUTO_INCREMENT,
  `rubrique_id` int(11) NOT NULL,
  `nom` varchar(40) NOT NULL,
  `priorite` int(11) NOT NULL,
  PRIMARY KEY (`id`),
  UNIQUE KEY `rubrique_id` (`rubrique_id`,`nom`),
  UNIQUE KEY `rubrique_id_2` (`rubrique_id`,`priorite`),
  KEY `searchengine_sousrubrique_131d1d51` (`rubrique_id`),
  CONSTRAINT `rubrique_id_refs_id_cd15969` FOREIGN KEY (`rubrique_id`) REFERENCES `searchengine_rubrique` (`id`)
) ENGINE=InnoDB AUTO_INCREMENT=83 DEFAULT CHARSET=utf8;
/*!40101 SET character_set_client = @saved_cs_client */;

--
-- Dumping data for table `searchengine_sousrubrique`
--

LOCK TABLES `searchengine_sousrubrique` WRITE;
/*!40000 ALTER TABLE `searchengine_sousrubrique` DISABLE KEYS */;
INSERT INTO `searchengine_sousrubrique` VALUES (1,2,'Chanson',1),(2,2,'Variété française',2),(3,2,'Variété internationale',3),(4,2,'Pop',4),(5,2,'Rock',5),(6,2,'Hard Rock',6),(7,2,'Métal',7),(8,2,'Techno',8),(9,2,'Electro',9),(10,2,'Dance',10),(11,2,'Rap',11),(12,2,'Hip Hop',12),(13,2,'R\'n\'B',13),(14,2,'Groove',14),(15,2,'Jazz',15),(16,2,'Blues',16),(17,2,'Country',17),(18,2,'Musique du Monde',18),(19,2,'World Music',19),(20,2,'Musique Classique',20),(24,4,'BD',1),(25,4,'Jeunesse',2),(26,4,'Littérature',3),(27,4,'Fiction',4),(28,4,'Culture',5),(29,4,'Société',6),(30,4,'Art de vivre',11),(31,4,'Nature',12),(32,4,'Loisirs',9),(33,4,'Savoir',10),(34,5,'Peinture',1),(35,5,'Sculpture',2),(36,5,'Art Contemporain',3),(37,5,'Architecture',4),(38,5,'Patrimoine',5),(39,5,'Photographie',6),(40,5,'Marché de l\'art',7),(41,5,'Design',8),(42,5,'Décoration',9),(43,5,'Voyage',10),(44,5,'Archéologie',11),(45,3,'Critiques de films',1),(46,3,'Bandes annonces',2),(47,3,'Festivals',3),(48,3,'VOD',4),(49,3,'DVD - Blu-ray',5),(50,3,'Acteurs',6),(51,3,'Cinéastes',7),(52,6,'Boulevard - Comédie',1),(53,6,'Contemporain',2),(54,6,'Humour - Café-Théâtre',3),(55,6,'Classique',4),(56,6,'Cirque',5),(57,6,'Musique',6),(58,6,'Danse',8),(59,6,'Enfants',9),(60,6,'Festivals',10),(61,6,'Auteurs',11),(62,6,'Metteurs en scène',12),(63,6,'Comédiens',13),(64,9,'Séries TV',1),(65,9,'Téléfilms',2),(66,9,'Documentaires',3),(67,9,'Magazines',4),(68,9,'Journal TV',5),(69,9,'Courts-métrages',6),(70,10,'CD-ROM',1),(71,10,'Consoles de salon',2),(72,10,'Consoles portables',3),(73,10,'Jeux consoles',4),(74,10,'Jeux PC et Mac',5),(75,10,'Tous univers',6),(76,10,'Jeux import',7),(77,10,'Jeux vidéos rétro',8),(78,10,'Jeux éducatifs',9),(79,10,'Jeux de rôles',10),(80,10,'Jeux électroniques',11),(81,4,'Economie',7),(82,4,'Politique',8);
/*!40000 ALTER TABLE `searchengine_sousrubrique` ENABLE KEYS */;
UNLOCK TABLES;

--
-- Table structure for table `searchengine_video`
--

DROP TABLE IF EXISTS `searchengine_video`;
/*!40101 SET @saved_cs_client     = @@character_set_client */;
/*!40101 SET character_set_client = utf8 */;
CREATE TABLE `searchengine_video` (
  `id` int(11) NOT NULL AUTO_INCREMENT,
  `url` varchar(200) NOT NULL,
  `element_id` int(11) NOT NULL,
  `image` varchar(100) DEFAULT NULL,
  `url_image` varchar(200) DEFAULT NULL,
  PRIMARY KEY (`id`),
  KEY `searchengine_video_fe5d4041` (`element_id`),
  CONSTRAINT `element_id_refs_id_1c99f692` FOREIGN KEY (`element_id`) REFERENCES `searchengine_element` (`id`)
) ENGINE=InnoDB AUTO_INCREMENT=65 DEFAULT CHARSET=utf8;
/*!40101 SET character_set_client = @saved_cs_client */;

--
-- Dumping data for table `searchengine_video`
--

LOCK TABLES `searchengine_video` WRITE;
/*!40000 ALTER TABLE `searchengine_video` DISABLE KEYS */;
INSERT INTO `searchengine_video` VALUES (1,'http://www.youtube.com/watch?v=_d_8ovQHbF4',6,'','http://operagasm.com/wp-content/uploads/2012/05/Renee-Fleming.jpg'),(2,'http://www.youtube.com/watch?v=NToJ2phG7Qk',6,'','http://www.tampabay.com/blogs/soundcheck/sites/tampabay.com.blogs.soundcheck/files/images/typepad-legacy-files/51097.6a00d83451b05569e2012876f78716970c-pi.jpg'),(3,'http://www.youtube.com/watch?v=MAlC568USxM&feature=fvst',6,'','http://vivaciousbluesky.files.wordpress.com/2010/07/rene2.jpg'),(4,'http://www.youtube.com/watch?v=M62zIYbrYBk',7,'','http://2.bp.blogspot.com/-3PoNA-9wzWg/Ta8SzzBuPUI/AAAAAAAAAKs/i6ljfUrfjAM/s1600/a.jpg'),(5,'http://www.youtube.com/watch?v=qNtW04b44f0',7,'','http://www.alligator.com/images/artists/_cache/240_-1_001.jpg'),(6,'http://www.youtube.com/watch?v=uHylp0HR9Hw',7,'','http://2.bp.blogspot.com/_5saTwtfSVHw/RtQ_8bziAPI/AAAAAAAAABE/p8jeojkrEZs/s400/hounddogtaylor.jpg'),(7,'http://www.youtube.com/watch?v=B8WBJ3X4dhE',8,'','http://blog.slate.fr/projection-publique/files/2010/09/Des-Hommes-et-des-Dieux_17.jpg'),(8,'http://www.youtube.com/watch?v=0LGcDzwqwoE',8,'','http://stephanieabeloos.owni.fr/files/2010/10/des-hommes-et-des-dieux-de-xavier-beauvois-4554338tjhuj-300x195.jpg'),(9,'http://www.youtube.com/watch?v=lrW_My5tVcM',8,'','http://medias.unifrance.org/medias/225/40/76001/format_page/des-hommes-et-des-dieux.jpg'),(10,'http://www.youtube.com/watch?v=WJYg04-goLs',9,'','http://www.babelio.com/users/AVT_Dominique-A_6339.jpeg'),(11,'http://www.youtube.com/watch?v=SgeI6G4CLMk',9,'','http://images.telerama.fr/medias/2009/11/media_49384/dominique-a-mes-chansons-me-donnent-le-sentiment-d-etre-une-meilleure-personne,M29509.jpg'),(12,'http://www.youtube.com/watch?v=cbxH68yeCVE',9,'','http://lagirouette2.canalblog.com/images/Dominique_A___Auguri1.jpg'),(13,'http://www.youtube.com/watch?v=jQ_ExkfcBao',10,'','http://4.bp.blogspot.com/_al2DOF5K12M/SplGvg0O38I/AAAAAAAAANs/a1NqrYF2z88/s400/michael_jackson_king_of_pop.jpg'),(14,'http://www.youtube.com/watch?v=x8GrY5LC1hg',10,'','http://t1.gstatic.com/images?q=tbn:ANd9GcSra2reCcKSOk_m7d05Tqd9l2RkR34zt85vebKN8pIZHPDK9hsXpK8NT32P'),(15,'http://www.youtube.com/watch?v=zKXbD-mGLEE',10,'','http://www.electronic-illusions.be/blog/wp-content/uploads/2009/06/michael_jackson.jpg'),(16,'http://www.youtube.com/watch?v=9EEbje8byqM',11,'','http://kermoal.typepad.fr/photos/uncategorized/2008/02/22/jerome_garcin.jpg'),(17,'http://www.youtube.com/watch?v=R7PYrAIOTCk',11,'','http://www.revue-medias.com/IMG/arton541.jpg'),(18,'http://www.youtube.com/watch?v=WB1qqfQ0Q0g',11,'','http://www.letemps.ch/rw/Le_Temps/Quotidien/2009/10/12/Culture%20&%20Societe/ImagesWeb/Jerome%20Garcin--469x239.jpg'),(19,'http://www.youtube.com/watch?v=ACEQO6f2O6c',12,'','http://api.ning.com/files/TaPLhkApWJRaRsmIDoWNU6Ki2K*WJOb-TNUIuOu69gvrGPIohlJNHepRgqcIK*yY1X03x4iR2qIUdQQHTuArtrK0WCLj2vsu/hugh380.jpg'),(20,'http://www.youtube.com/watch?v=8lOLD7aM5hM',12,'','http://africasacountry.files.wordpress.com/2009/12/hugh-masekela-22.jpg'),(21,'http://www.youtube.com/watch?v=od70Uhwws30',12,'','http://static.guim.co.uk/sys-images/Observer/Pix/pictures/2012/3/1/1330617023598/Hugh-Masekela-007.jpg'),(22,'http://www.dailymotion.com/video/xu1lnk_david-guetta-she-wolf-falling-to-pieces-feat-sia_music',1,'',''),(23,'http://www.youtube.com/watch?v=PVzljDmoPVs',1,'',''),(24,'http://lci.tf1.fr/culture/musique/connaissez-vous-la-voix-de-titanium-et-she-wolf-de-david-guetta-7580633.html',1,'',''),(25,'http://www.youtube.com/watch?v=NCHLELw_1B0',1,'',''),(26,'http://www.youtube.com/watch?v=ieYQKS9-Is0&gl=FR&hl=fr',13,'','http://www.melody.tv/melody/images//actualites/charles_aznavour_hospitalis_infection_annule_concert_geneve.jpg'),(27,'https://www.youtube.com/watch?v=HY5HYyHMTDQ',13,'','http://static1.purepeople.com/articles/5/10/18/65/@/870798-charles-aznavour-sera-l-une-des-637x0-2.jpg'),(28,'http://www.youtube.com/watch?v=Wy_BLyWQenY',13,'','http://cdn2.greatsong.net/album/extra/charles-aznavour-moi-jfais-mon-rond-106574614.jpg'),(29,'http://www.ina.fr/art-et-culture/litterature/video/I05314439/louis-aragon-a-propos-de-blanche-ou-l-oubli.fr.html',14,'','http://boutique.ina.fr/images_v2/320x240/CPF86644616.jpeg'),(30,'http://www.ina.fr/art-et-culture/litterature/dossier/249/louis-aragon.20090331.I00005319.non.fr.html',14,'','http://boutique.ina.fr/images_v2/320x240/I00004830.jpeg'),(31,'http://www.ina.fr/art-et-culture/litterature/video/I00004604/louis-aragon-cite-tristan-et-iseult.fr.html',14,'','http://i150.photobucket.com/albums/s104/francegall0505/imagemhm.jpg'),(32,'http://www.ina.fr/divertissement/varietes/video/I06047193/barbara-l-aigle-noir.fr.html',15,'','http://www.encyclopedisque.fr/images/imgdb/thumb250/36967.jpg'),(33,'http://www.youtube.com/watch?v=nUE80DTNxK4&hl=fr&gl=FR',15,'','http://images.telerama.fr/medias/2012/11/media_89813/didier-varrod-barbara-etait-arc-boutee-sur-l-idee-du-mouvement,M98234.jpg'),(34,'http://www.youtube.com/watch?v=jkwaT2mLrtA',15,'','http://www.linternaute.com/musique/chanson/actualite/07/barbara/photos/barbara-fayard.jpg'),(35,'http://www.youtube.com/watch?v=jjXZLvVgkVg&hl=fr&gl=FR',15,'',''),(36,'http://www.youtube.com/watch?v=9BGgotF35ok',15,'',''),(37,'http://www.dailymotion.com/video/xv9rjk_barbara-l-oeillet-blanc-chanson-francaise_music?search_algo=2',15,'',''),(38,'http://www.ina.fr/video/CAB97140295/obseques-barbara-bagneux.fr.html',15,'',''),(39,'http://www.ina.fr/art-et-culture/arts-du-spectacle/video/CAF88034592/une-femme-qui-chante-barbara.fr.html',15,'',''),(40,'http://www.ina.fr/video/CPF07009472/barbara-par-barbara.fr.html',15,'',''),(41,'http://www.ina.fr/art-et-culture/musique/video/CAF88049401/interview-barbara.fr.html',15,'',''),(42,'http://www.youtube.com/watch?v=GlVrWsEUFGY',15,'',''),(43,'http://www.youtube.com/watch?v=K0gGcNLQoIo',15,'',''),(44,'http://www.dailymotion.com/video/xr72rq_danyel-waro-gustave-mon-voisin_music',16,'','http://www.cmtra.org/IMG/jpg_danyel_waro.jpg'),(45,'http://www.youtube.com/watch?v=cXu2MhWYUuE',17,'','http://t3.gstatic.com/images?q=tbn:ANd9GcSzXblXyIvHcJUSgHImzV8eJPbm4yDM4G6FxN-mR4SQE1bYxHscxg'),(46,'http://www.youtube.com/watch?v=pvvVORUCVLg',17,'','http://t0.gstatic.com/images?q=tbn:ANd9GcRqM52VdU6qT-SQdG9qPI6ZX1GrmyJnxL6tRSNmBokX98lAbdE0nem6NVI4'),(47,'http://www.youtube.com/watch?v=qaEcVvEHax8',17,'','http://t3.gstatic.com/images?q=tbn:ANd9GcRqTORRKkfST8vyHUeyy0UsViBnkVx_6cXtfJXgY-E_lsJeIVQuDlDUuOjL5w'),(48,'http://www.youtube.com/watch?v=eLhz8WELr00',18,'','http://upload.wikimedia.org/wikipedia/commons/thumb/3/3b/BASHUNG_Alain-24x30-2007.jpg/220px-BASHUNG_Alain-24x30-2007.jpg'),(49,'http://www.youtube.com/watch?v=mey8GokRFf4',18,'','http://www.sunburnsout.com/wp-content/uploads/2015/04/alain-bashung.jpg'),(50,'https://www.youtube.com/watch?v=RMg32UYi5jA&index=11&list=PL0B69179F65952885',18,'','http://static.lexpress.fr/medias/234/bashung-1-france-music-bashung_499.jpg'),(51,'http://www.youtube.com/watch?v=LQayb3glupE',19,'','http://1.bp.blogspot.com/_JgqUG3QeK8g/TKNSgvXCjAI/AAAAAAAAEvM/fQDaVwm14e0/s1600/Corbusier_portrait.jpg'),(52,'http://www.ina.fr/video/CPF86607051',19,'','http://theredlist.fr/media/database/design-categorie/here-and-now/1945-1960/french-modernists/le_corbusier/001-le-corbusier-theredlist.jpg'),(53,'http://www.youtube.com/watch?v=rWbcbC7uUaQ',19,'','http://www.lexpress.fr/pictures/183/93789_l-architecte-charles-edouard-jeanneret-plus-connu-sous-le-nom-le-corbusier-en-1961.jpg'),(54,'https://www.youtube.com/watch?v=ZtnTaUcMLjA',20,'','http://img.over-blog.com/246x300/2/12/87/90/edith-20piaf.jpg'),(55,'https://www.youtube.com/watch?v=xvijcuD6lbU',20,'','http://images.coveralia.com/autores/fotos/edith-piaf32935.jpg'),(56,'https://www.youtube.com/watch?v=fpHAsb2XQOY',20,'','http://upload.wikimedia.org/wikipedia/en/0/0f/Edith_piaf_columbia_posters.jpg'),(57,'http://www.cineplus.fr/pid5866-cine-premier.html?vid=940582',21,'','http://a405.idata.over-blog.com/5/06/48/48/archives/2009/05/1242395541_julie_gayet.jpg'),(58,'http://www.canalplus.fr/c-cinema/c-l-actu-du-cinema/cid771086-julie-gayet-raphael-personnaz-la-nuit-leur-appartient.html',21,'','http://imworld.aufeminin.com/story/20130329/julie-gayet-22466_w1000.jpg'),(59,'http://www.gala.fr/videos/videos_people/video_-_julie_gayet_et_les_films_de_l_enfance_274617',21,'','http://www.commeaucinema.com/images/galerie/big/158224_3397c2435ee2fe663c12cf4406e33074.jpg'),(60,'https://www.youtube.com/watch?v=JA644rSZX1A',23,'','http://assets.rollingstone.com/assets/2014/list/willie-nelsons-12-most-memorable-acting-roles-20140815/164227/large_rect/1401x788-MBDBARB_EC023_H.JPG'),(61,'https://www.youtube.com/watch?v=b6IB0trJoJU',23,'','http://assets.rollingstone.com/assets/2014/article/all-roads-lead-to-willie-nelson-rolling-stones-definitive-profile-of-the-country-icon-20140902/166266/large_rect/1401x788-20131104_0026.jpg'),(62,'https://www.youtube.com/watch?v=aa4sE5q7ogg',23,'','http://www.myplay.com/files/video_stills/nelsoncharles_spanishangels480.jpg'),(63,'https://www.youtube.com/watch?v=ztNzUj6nP3E',24,'','http://archives.snj.fr/carte2009/IMG/jpg_090326dalage.jpg'),(64,'http://www.dailymotion.com/video/x2hyymk',24,'','http://www.babelio.com/users/AVT_Olivier-Da-Lage_5872.jpeg');
/*!40000 ALTER TABLE `searchengine_video` ENABLE KEYS */;
UNLOCK TABLES;

--
-- Dumping routines for database 'laudera_db'
--
/*!40103 SET TIME_ZONE=@OLD_TIME_ZONE */;

/*!40101 SET SQL_MODE=@OLD_SQL_MODE */;
/*!40014 SET FOREIGN_KEY_CHECKS=@OLD_FOREIGN_KEY_CHECKS */;
/*!40014 SET UNIQUE_CHECKS=@OLD_UNIQUE_CHECKS */;
/*!40101 SET CHARACTER_SET_CLIENT=@OLD_CHARACTER_SET_CLIENT */;
/*!40101 SET CHARACTER_SET_RESULTS=@OLD_CHARACTER_SET_RESULTS */;
/*!40101 SET COLLATION_CONNECTION=@OLD_COLLATION_CONNECTION */;
/*!40111 SET SQL_NOTES=@OLD_SQL_NOTES */;

-- Dump completed on 2019-01-31  3:02:56
